name,class_,origin,sample_hash,platform,amplification,replicate,fastq_filename,cov20_pc,median_depth,pangolin_lineage,pangolin_version
mmm-artic-ill_s24350_1,mmm-artic-ill,culture,s24350,ill,artic,1,mmm-artic-ill_s24350_1*.fastq.gz,99.77168949771689,8734,P.1,3.1.5
mmm-artic-ill_s24350_2,mmm-artic-ill,culture,s24350,ill,artic,2,mmm-artic-ill_s24350_2*.fastq.gz,99.96978243352136,2474,P.1,3.1.5
mmm-artic-ill_s24350_3,mmm-artic-ill,culture,s24350,ill,artic,3,mmm-artic-ill_s24350_3*.fastq.gz,99.96978243352136,7507,P.1,3.1.5
mmm-artic-ont_s24350_1,mmm-artic-ont,culture,s24350,ont,artic,1,mmm-artic-ont_s24350_1*.fastq.gz,100.0,961,P.1,3.1.5
mmm-artic-ont_s24350_2,mmm-artic-ont,culture,s24350,ont,artic,2,mmm-artic-ont_s24350_2*.fastq.gz,100.0,2956,P.1,3.1.5
mmm-artic-ont_s24350_3,mmm-artic-ont,culture,s24350,ont,artic,3,mmm-artic-ont_s24350_3*.fastq.gz,100.0,4068,P.1,3.1.5
mmm-sispa-ill_s24350_1,mmm-sispa-ill,culture,s24350,ill,sispa,1,mmm-sispa-ill_s24350_1*.fastq.gz,100.0,11651,P.1,3.1.5
mmm-sispa-ill_s24350_2,mmm-sispa-ill,culture,s24350,ill,sispa,2,mmm-sispa-ill_s24350_2*.fastq.gz,100.0,9957,P.1,3.1.5
mmm-sispa-ill_s24350_3,mmm-sispa-ill,culture,s24350,ill,sispa,3,mmm-sispa-ill_s24350_3*.fastq.gz,99.99664249261349,7626,P.1,3.1.5
mmm-sispa-ont_s24350_1,mmm-sispa-ont,culture,s24350,ont,sispa,1,mmm-sispa-ont_s24350_1*.fastq.gz,100.0,647,P.1,3.1.5
mmm-sispa-ont_s24350_2,mmm-sispa-ont,culture,s24350,ont,sispa,2,mmm-sispa-ont_s24350_2*.fastq.gz,100.0,2795,P.1,3.1.5
mmm-sispa-ont_s24350_3,mmm-sispa-ont,culture,s24350,ont,sispa,3,mmm-sispa-ont_s24350_3*.fastq.gz,100.0,19580,P.1,3.1.5
mmm-artic-ill_s59130_1,mmm-artic-ill,culture,s59130,ill,artic,1,mmm-artic-ill_s59130_1*.fastq.gz,99.71125436475961,8121,P.1.1,3.1.5
mmm-artic-ill_s59130_2,mmm-artic-ill,culture,s59130,ill,artic,2,mmm-artic-ill_s59130_2*.fastq.gz,99.90934730056406,7000,P.1.1,3.1.5
mmm-artic-ill_s59130_3,mmm-artic-ill,culture,s59130,ill,artic,3,mmm-artic-ill_s59130_3*.fastq.gz,99.90934730056406,5513,P.1.1,3.1.5
mmm-artic-ont_s59130_1,mmm-artic-ont,culture,s59130,ont,artic,1,mmm-artic-ont_s59130_1*.fastq.gz,100.0,2123,P.1.1,3.1.5
mmm-artic-ont_s59130_2,mmm-artic-ont,culture,s59130,ont,artic,2,mmm-artic-ont_s59130_2*.fastq.gz,100.0,1994,P.1.1,3.1.5
mmm-artic-ont_s59130_3,mmm-artic-ont,culture,s59130,ont,artic,3,mmm-artic-ont_s59130_3*.fastq.gz,100.0,2296,P.1.1,3.1.5
mmm-sispa-ill_s59130_1,mmm-sispa-ill,culture,s59130,ill,sispa,1,mmm-sispa-ill_s59130_1*.fastq.gz,0.0,0,P.1.1,3.1.5
mmm-sispa-ill_s59130_2,mmm-sispa-ill,culture,s59130,ill,sispa,2,mmm-sispa-ill_s59130_2*.fastq.gz,99.98321246306742,9223,P.1.1,3.1.5
mmm-sispa-ill_s59130_3,mmm-sispa-ill,culture,s59130,ill,sispa,3,mmm-sispa-ill_s59130_3*.fastq.gz,99.98992747784045,10354,P.1.1,3.1.5
mmm-sispa-ont_s59130_1,mmm-sispa-ont,culture,s59130,ont,sispa,1,mmm-sispa-ont_s59130_1*.fastq.gz,100.0,187,P.1.1,3.1.5
mmm-sispa-ont_s59130_2,mmm-sispa-ont,culture,s59130,ont,sispa,2,mmm-sispa-ont_s59130_2*.fastq.gz,100.0,3253,P.1.1,3.1.5
mmm-sispa-ont_s59130_3,mmm-sispa-ont,culture,s59130,ont,sispa,3,mmm-sispa-ont_s59130_3*.fastq.gz,100.0,5982,P.1.1,3.1.5
mmm-artic-ill_s98244_1,mmm-artic-ill,culture,s98244,ill,artic,1,mmm-artic-ill_s98244_1*.fastq.gz,99.71125436475961,5267,P.1.1,3.1.5
mmm-artic-ill_s98244_2,mmm-artic-ill,culture,s98244,ill,artic,2,mmm-artic-ill_s98244_2*.fastq.gz,99.90934730056406,3443,P.1.1,3.1.5
mmm-artic-ill_s98244_3,mmm-artic-ill,culture,s98244,ill,artic,3,mmm-artic-ill_s98244_3*.fastq.gz,99.90934730056406,6117,P.1.1,3.1.5
mmm-artic-ont_s98244_1,mmm-artic-ont,culture,s98244,ont,artic,1,mmm-artic-ont_s98244_1*.fastq.gz,100.0,1521,P.1.1,3.1.5
mmm-artic-ont_s98244_2,mmm-artic-ont,culture,s98244,ont,artic,2,mmm-artic-ont_s98244_2*.fastq.gz,100.0,1370,P.1.1,3.1.5
mmm-artic-ont_s98244_3,mmm-artic-ont,culture,s98244,ont,artic,3,mmm-artic-ont_s98244_3*.fastq.gz,100.0,727,P.1.1,3.1.5
mmm-sispa-ill_s98244_1,mmm-sispa-ill,culture,s98244,ill,sispa,1,mmm-sispa-ill_s98244_1*.fastq.gz,99.99328498522698,11096,P.1.1,3.1.5
mmm-sispa-ill_s98244_2,mmm-sispa-ill,culture,s98244,ill,sispa,2,mmm-sispa-ill_s98244_2*.fastq.gz,99.98656997045393,8032,P.1.1,3.1.5
mmm-sispa-ill_s98244_3,mmm-sispa-ill,culture,s98244,ill,sispa,3,mmm-sispa-ill_s98244_3*.fastq.gz,99.98992747784045,11793,P.1.1,3.1.5
mmm-sispa-ont_s98244_1,mmm-sispa-ont,culture,s98244,ont,sispa,1,mmm-sispa-ont_s98244_1*.fastq.gz,100.0,699,P.1.1,3.1.5
mmm-sispa-ont_s98244_2,mmm-sispa-ont,culture,s98244,ont,sispa,2,mmm-sispa-ont_s98244_2*.fastq.gz,100.0,5247,P.1.1,3.1.5
mmm-sispa-ont_s98244_3,mmm-sispa-ont,culture,s98244,ont,sispa,3,mmm-sispa-ont_s98244_3*.fastq.gz,100.0,14750,P.1.1,3.1.5
mmm-artic-ill_s64379_1,mmm-artic-ill,culture,s64379,ill,artic,1,mmm-artic-ill_s64379_1*.fastq.gz,100.0,3502,,3.1.5
mmm-artic-ill_s64379_2,mmm-artic-ill,culture,s64379,ill,artic,2,mmm-artic-ill_s64379_2*.fastq.gz,100.0,7788,,3.1.5
mmm-artic-ill_s64379_3,mmm-artic-ill,culture,s64379,ill,artic,3,mmm-artic-ill_s64379_3*.fastq.gz,100.0,5212,,3.1.5
mmm-artic-ont_s64379_1,mmm-artic-ont,culture,s64379,ont,artic,1,mmm-artic-ont_s64379_1*.fastq.gz,100.0,572,,3.1.5
mmm-artic-ont_s64379_2,mmm-artic-ont,culture,s64379,ont,artic,2,mmm-artic-ont_s64379_2*.fastq.gz,0.0,1,,3.1.5
mmm-artic-ont_s64379_3,mmm-artic-ont,culture,s64379,ont,artic,3,mmm-artic-ont_s64379_3*.fastq.gz,100.0,2321,,3.1.5
mmm-sispa-ill_s64379_1,mmm-sispa-ill,culture,s64379,ill,sispa,1,mmm-sispa-ill_s64379_1*.fastq.gz,100.0,12618,,3.1.5
mmm-sispa-ill_s64379_2,mmm-sispa-ill,culture,s64379,ill,sispa,2,mmm-sispa-ill_s64379_2*.fastq.gz,100.0,10050,,3.1.5
mmm-sispa-ill_s64379_3,mmm-sispa-ill,culture,s64379,ill,sispa,3,mmm-sispa-ill_s64379_3*.fastq.gz,100.0,15432,,3.1.5
mmm-sispa-ont_s64379_1,mmm-sispa-ont,culture,s64379,ont,sispa,1,mmm-sispa-ont_s64379_1*.fastq.gz,100.0,348,,3.1.5
mmm-sispa-ont_s64379_2,mmm-sispa-ont,culture,s64379,ont,sispa,2,mmm-sispa-ont_s64379_2*.fastq.gz,100.0,7185,,3.1.5
mmm-sispa-ont_s64379_3,mmm-sispa-ont,culture,s64379,ont,sispa,3,mmm-sispa-ont_s64379_3*.fastq.gz,100.0,24957,,3.1.5
mmm-artic-ill_s12368_1,mmm-artic-ill,culture,s12368,ill,artic,1,mmm-artic-ill_s12368_1*.fastq.gz,100.0,7146,P.2,3.1.5
mmm-artic-ill_s12368_2,mmm-artic-ill,culture,s12368,ill,artic,2,mmm-artic-ill_s12368_2*.fastq.gz,100.0,3902,P.2,3.1.5
mmm-artic-ont_s12368_1,mmm-artic-ont,culture,s12368,ont,artic,1,mmm-artic-ont_s12368_1*.fastq.gz,100.0,2491,P.2,3.1.5
mmm-artic-ont_s12368_2,mmm-artic-ont,culture,s12368,ont,artic,2,mmm-artic-ont_s12368_2*.fastq.gz,100.0,1221,P.2,3.1.5
mmm-artic-ont_s12368_3,mmm-artic-ont,culture,s12368,ont,artic,3,mmm-artic-ont_s12368_3*.fastq.gz,100.0,1324,P.2,3.1.5
mmm-sispa-ill_s12368_1,mmm-sispa-ill,culture,s12368,ill,sispa,1,mmm-sispa-ill_s12368_1*.fastq.gz,100.0,10360,P.2,3.1.5
mmm-sispa-ill_s12368_2,mmm-sispa-ill,culture,s12368,ill,sispa,2,mmm-sispa-ill_s12368_2*.fastq.gz,100.0,10029,P.2,3.1.5
mmm-sispa-ill_s12368_3,mmm-sispa-ill,culture,s12368,ill,sispa,3,mmm-sispa-ill_s12368_3*.fastq.gz,100.0,10418,P.2,3.1.5
mmm-sispa-ont_s12368_1,mmm-sispa-ont,culture,s12368,ont,sispa,1,mmm-sispa-ont_s12368_1*.fastq.gz,100.0,686,P.2,3.1.5
mmm-sispa-ont_s12368_2,mmm-sispa-ont,culture,s12368,ont,sispa,2,mmm-sispa-ont_s12368_2*.fastq.gz,100.0,30086,P.2,3.1.5
mmm-sispa-ont_s12368_3,mmm-sispa-ont,culture,s12368,ont,sispa,3,mmm-sispa-ont_s12368_3*.fastq.gz,100.0,10512,P.2,3.1.5
mmm-artic-ill_s11937_1,mmm-artic-ill,clinical,s11937,ill,artic,1,mmm-artic-ill_s11937_1*.fastq.gz,97.78740263228579,625,B.1.177,3.1.5
mmm-artic-ill_s11937_2,mmm-artic-ill,clinical,s11937,ill,artic,2,mmm-artic-ill_s11937_2*.fastq.gz,100.0,2174,B.1.177,3.1.5
mmm-artic-ill_s11937_3,mmm-artic-ill,clinical,s11937,ill,artic,3,mmm-artic-ill_s11937_3*.fastq.gz,97.67660488853076,1214,B.1.177,3.1.5
mmm-artic-ont_s11937_1,mmm-artic-ont,clinical,s11937,ont,artic,1,mmm-artic-ont_s11937_1*.fastq.gz,100.0,1701,B.1.177,3.1.5
mmm-artic-ill_s32219_1,mmm-artic-ill,culture,s32219,ill,artic,1,mmm-artic-ill_s32219_1*.fastq.gz,98.6368520010744,3549,B.1.351,3.1.5
mmm-artic-ill_s32219_2,mmm-artic-ill,culture,s32219,ill,artic,2,mmm-artic-ill_s32219_2*.fastq.gz,98.64020950846091,4267,B.1.351,3.1.5
mmm-artic-ont_s32219_1,mmm-artic-ont,culture,s32219,ont,artic,1,mmm-artic-ont_s32219_1*.fastq.gz,99.46279881815741,3675,B.1.351,3.1.5
mmm-artic-ont_s32219_2,mmm-artic-ont,culture,s32219,ont,artic,2,mmm-artic-ont_s32219_2*.fastq.gz,99.45944131077088,2039,B.1.351,3.1.5
mmm-sispa-ont_s32219_1,mmm-sispa-ont,culture,s32219,ont,sispa,1,mmm-sispa-ont_s32219_1*.fastq.gz,100.0,437,B.1.351,3.1.5
mmm-sispa-ont_s32219_2,mmm-sispa-ont,culture,s32219,ont,sispa,2,mmm-sispa-ont_s32219_2*.fastq.gz,100.0,685,B.1.351,3.1.5
phe-sispa-ill_s32219_1,phe-sispa-ill,culture,s32219,ill,sispa,1,phe-sispa-ill_s32219_1*.fastq.gz,99.95635240397529,711,B.1.351,3.1.5
mmm-artic-ill_s79306_1,mmm-artic-ill,culture,s79306,ill,artic,1,mmm-artic-ill_s79306_1*.fastq.gz,99.9395648670427,4754,B.1.1.7,3.1.5
mmm-artic-ill_s79306_2,mmm-artic-ill,culture,s79306,ill,artic,2,mmm-artic-ill_s79306_2*.fastq.gz,86.61361804995971,189,B.1.1.7,3.1.5
mmm-artic-ont_s79306_1,mmm-artic-ont,culture,s79306,ont,artic,1,mmm-artic-ont_s79306_1*.fastq.gz,100.0,2482,B.1.1.7,3.1.5
mmm-artic-ont_s79306_2,mmm-artic-ont,culture,s79306,ont,artic,2,mmm-artic-ont_s79306_2*.fastq.gz,100.0,1895,B.1.1.7,3.1.5
mmm-artic-ill_s12142_1,mmm-artic-ill,culture,s12142,ill,artic,1,mmm-artic-ill_s12142_1*.fastq.gz,99.9395648670427,5256,B.1.1.7,3.1.5
mmm-artic-ill_s12142_2,mmm-artic-ill,culture,s12142,ill,artic,2,mmm-artic-ill_s12142_2*.fastq.gz,99.9395648670427,5862,B.1.1.7,3.1.5
mmm-artic-ont_s12142_1,mmm-artic-ont,culture,s12142,ont,artic,1,mmm-artic-ont_s12142_1*.fastq.gz,100.0,7205,B.1.1.7,3.1.5
mmm-artic-ont_s12142_2,mmm-artic-ont,culture,s12142,ont,artic,2,mmm-artic-ont_s12142_2*.fastq.gz,100.0,10639,B.1.1.7,3.1.5
mmm-artic-ill_s82718_1,mmm-artic-ill,culture,s82718,ill,artic,1,mmm-artic-ill_s82718_1*.fastq.gz,99.46951383293043,3781,B.1.1.7,3.1.5
mmm-artic-ill_s82718_2,mmm-artic-ill,culture,s82718,ill,artic,2,mmm-artic-ill_s82718_2*.fastq.gz,99.16062315337093,4501,B.1.1.7,3.1.5
mmm-artic-ont_s82718_1,mmm-artic-ont,culture,s82718,ont,artic,1,mmm-artic-ont_s82718_1*.fastq.gz,100.0,6363,B.1.1.7,3.1.5
mmm-artic-ont_s82718_2,mmm-artic-ont,culture,s82718,ont,artic,2,mmm-artic-ont_s82718_2*.fastq.gz,100.0,3123,B.1.1.7,3.1.5
phe-sispa-ill_s82718_1,phe-sispa-ill,culture,s82718,ill,sispa,1,phe-sispa-ill_s82718_1*.fastq.gz,99.99328498522698,20493,B.1.1.7,3.1.5
phe-sispa-ont_s82718_1,phe-sispa-ont,culture,s82718,ont,sispa,1,phe-sispa-ont_s82718_1*.fastq.gz,100.0,1248,B.1.1.7,3.1.5
mmm-artic-ill_s14305_1,mmm-artic-ill,clinical,s14305,ill,artic,1,mmm-artic-ill_s14305_1*.fastq.gz,97.85791028740263,715,B.1.13,3.1.5
mmm-artic-ill_s14305_2,mmm-artic-ill,clinical,s14305,ill,artic,2,mmm-artic-ill_s14305_2*.fastq.gz,96.81372549019608,487,B.1.13,3.1.5
mmm-artic-ill_s14305_3,mmm-artic-ill,clinical,s14305,ill,artic,3,mmm-artic-ill_s14305_3*.fastq.gz,94.5876980929358,530,B.1.13,3.1.5
mmm-artic-ont_s14305_1,mmm-artic-ont,clinical,s14305,ont,artic,1,mmm-artic-ont_s14305_1*.fastq.gz,100.0,8482,B.1.13,3.1.5
mmm-artic-ill_s99011_1,mmm-artic-ill,clinical,s99011,ill,artic,1,mmm-artic-ill_s99011_1*.fastq.gz,97.08232608111737,764,B.1.1.369,3.1.5
mmm-artic-ont_s99011_1,mmm-artic-ont,clinical,s99011,ont,artic,1,mmm-artic-ont_s99011_1*.fastq.gz,100.0,5604,B.1.1.369,3.1.5
mmm-artic-ill_s12466_1,mmm-artic-ill,clinical,s12466,ill,artic,1,mmm-artic-ill_s12466_1*.fastq.gz,97.9552780016116,1008,B.1.1.83,3.1.5
mmm-artic-ont_s12466_1,mmm-artic-ont,clinical,s12466,ont,artic,1,mmm-artic-ont_s12466_1*.fastq.gz,100.0,2709,B.1.1.83,3.1.5
mmm-artic-ill_s10370_1,mmm-artic-ill,clinical,s10370,ill,artic,1,mmm-artic-ill_s10370_1*.fastq.gz,95.50765511684126,648,B.1.1,3.1.5
mmm-artic-ont_s10370_1,mmm-artic-ont,clinical,s10370,ont,artic,1,mmm-artic-ont_s10370_1*.fastq.gz,100.0,1509,B.1.1,3.1.5
mmm-artic-ill_s29903_1,mmm-artic-ill,clinical,s29903,ill,artic,1,mmm-artic-ill_s29903_1*.fastq.gz,99.70118184260005,1046,B.1.1,3.1.5
mmm-artic-ont_s29903_1,mmm-artic-ont,clinical,s29903,ont,artic,1,mmm-artic-ont_s29903_1*.fastq.gz,100.0,9685,B.1.1,3.1.5
mmm-artic-ill_s60021_1,mmm-artic-ill,clinical,s60021,ill,artic,1,mmm-artic-ill_s60021_1*.fastq.gz,99.83883964544722,1268,B.3,3.1.5
mmm-artic-ont_s60021_1,mmm-artic-ont,clinical,s60021,ont,artic,1,mmm-artic-ont_s60021_1*.fastq.gz,100.0,5873,B.3,3.1.5
mmm-artic-ill_s10497_1,mmm-artic-ill,clinical,s10497,ill,artic,1,mmm-artic-ill_s10497_1*.fastq.gz,99.47622884770347,1371,B.1.1,3.1.5
mmm-artic-ont_s10497_1,mmm-artic-ont,clinical,s10497,ont,artic,1,mmm-artic-ont_s10497_1*.fastq.gz,100.0,8973,B.1.1,3.1.5
mmm-artic-ill_s63857_1,mmm-artic-ill,clinical,s63857,ill,artic,1,mmm-artic-ill_s63857_1*.fastq.gz,99.5668815471394,2300,B.1.1,3.1.5
mmm-artic-ont_s63857_1,mmm-artic-ont,clinical,s63857,ont,artic,1,mmm-artic-ont_s63857_1*.fastq.gz,100.0,9473,B.1.1,3.1.5
mmm-artic-ill_s92227_1,mmm-artic-ill,clinical,s92227,ill,artic,1,mmm-artic-ill_s92227_1*.fastq.gz,96.68278270212195,1128,B.1.177.17,3.1.5
mmm-artic-ont_s92227_1,mmm-artic-ont,clinical,s92227,ont,artic,1,mmm-artic-ont_s92227_1*.fastq.gz,100.0,3939,B.1.177.17,3.1.5
mmm-artic-ill_s14270_1,mmm-artic-ill,clinical,s14270,ill,artic,1,mmm-artic-ill_s14270_1*.fastq.gz,99.12369057211926,1258,B.1.177.7,3.1.5
mmm-artic-ont_s14270_1,mmm-artic-ont,clinical,s14270,ont,artic,1,mmm-artic-ont_s14270_1*.fastq.gz,100.0,1310,B.1.177.7,3.1.5
mmm-artic-ill_s27509_1,mmm-artic-ill,clinical,s27509,ill,artic,1,mmm-artic-ill_s27509_1*.fastq.gz,98.80808487778673,1203,B.1.1.46,3.1.5
mmm-artic-ont_s27509_1,mmm-artic-ont,clinical,s27509,ont,artic,1,mmm-artic-ont_s27509_1*.fastq.gz,99.97313994090787,2486,B.1.1.46,3.1.5
mmm-artic-ill_s44846_1,mmm-artic-ill,clinical,s44846,ill,artic,1,mmm-artic-ill_s44846_1*.fastq.gz,98.67378458232608,2098,B.1.258,3.1.5
mmm-artic-ont_s44846_1,mmm-artic-ont,clinical,s44846,ont,artic,1,mmm-artic-ont_s44846_1*.fastq.gz,100.0,3378,B.1.258,3.1.5
mmm-artic-ill_s67251_1,mmm-artic-ill,clinical,s67251,ill,artic,1,mmm-artic-ill_s67251_1*.fastq.gz,98.11979586355089,1063,B.1.1,3.1.5
mmm-artic-ont_s67251_1,mmm-artic-ont,clinical,s67251,ont,artic,1,mmm-artic-ont_s67251_1*.fastq.gz,100.0,1680,B.1.1,3.1.5
mmm-artic-ill_s48306_1,mmm-artic-ill,clinical,s48306,ill,artic,1,mmm-artic-ill_s48306_1*.fastq.gz,90.77356970185335,399,,3.1.5
mmm-artic-ill_s48306_2,mmm-artic-ill,clinical,s48306,ill,artic,2,mmm-artic-ill_s48306_2*.fastq.gz,95.68560300832661,549,,3.1.5
mmm-artic-ont_s48306_1,mmm-artic-ont,clinical,s48306,ont,artic,1,mmm-artic-ont_s48306_1*.fastq.gz,99.42586623690572,98,,3.1.5
mmm-artic-ont_s48306_2,mmm-artic-ont,clinical,s48306,ont,artic,2,mmm-artic-ont_s48306_2*.fastq.gz,90.7232070910556,82,,3.1.5
mmm-artic-ont_s48306_3,mmm-artic-ont,clinical,s48306,ont,artic,3,mmm-artic-ont_s48306_3*.fastq.gz,63.42667203867849,27,,3.1.5
mmm-artic-ont_s48306_4,mmm-artic-ont,clinical,s48306,ont,artic,4,mmm-artic-ont_s48306_4*.fastq.gz,62.29854955680902,27,,3.1.5
mmm-sispa-ill_s48306_1,mmm-sispa-ill,clinical,s48306,ill,sispa,1,mmm-sispa-ill_s48306_1*.fastq.gz,0.0,0,,3.1.5
mmm-sispa-ill_s48306_2,mmm-sispa-ill,clinical,s48306,ill,sispa,2,mmm-sispa-ill_s48306_2*.fastq.gz,0.0,0,,3.1.5
mmm-sispa-ont_s48306_1,mmm-sispa-ont,clinical,s48306,ont,sispa,1,mmm-sispa-ont_s48306_1*.fastq.gz,0.0,0,,3.1.5
mmm-sispa-ont_s48306_2,mmm-sispa-ont,clinical,s48306,ont,sispa,2,mmm-sispa-ont_s48306_2*.fastq.gz,0.0,0,,3.1.5
mmm-artic-ill_s52123_1,mmm-artic-ill,clinical,s52123,ill,artic,1,mmm-artic-ill_s52123_1*.fastq.gz,57.75919957023905,37,,3.1.5
mmm-artic-ill_s52123_2,mmm-artic-ill,clinical,s52123,ill,artic,2,mmm-artic-ill_s52123_2*.fastq.gz,38.544184797206555,8,,3.1.5
mmm-artic-ont_s52123_1,mmm-artic-ont,clinical,s52123,ont,artic,1,mmm-artic-ont_s52123_1*.fastq.gz,81.32890142358313,34,,3.1.5
mmm-artic-ont_s52123_2,mmm-artic-ont,clinical,s52123,ont,artic,2,mmm-artic-ont_s52123_2*.fastq.gz,60.51235562718238,24,,3.1.5
mmm-artic-ont_s52123_3,mmm-artic-ont,clinical,s52123,ont,artic,3,mmm-artic-ont_s52123_3*.fastq.gz,23.025785656728445,11,,3.1.5
mmm-artic-ont_s52123_4,mmm-artic-ont,clinical,s52123,ont,artic,4,mmm-artic-ont_s52123_4*.fastq.gz,13.910153102336825,10,,3.1.5
mmm-sispa-ill_s52123_1,mmm-sispa-ill,clinical,s52123,ill,sispa,1,mmm-sispa-ill_s52123_1*.fastq.gz,0.0,0,,3.1.5
mmm-sispa-ill_s52123_2,mmm-sispa-ill,clinical,s52123,ill,sispa,2,mmm-sispa-ill_s52123_2*.fastq.gz,0.0,0,,3.1.5
mmm-sispa-ont_s52123_1,mmm-sispa-ont,clinical,s52123,ont,sispa,1,mmm-sispa-ont_s52123_1*.fastq.gz,0.0,0,,3.1.5
mmm-sispa-ont_s52123_2,mmm-sispa-ont,clinical,s52123,ont,sispa,2,mmm-sispa-ont_s52123_2*.fastq.gz,0.0,0,,3.1.5
mmm-artic-ill_s12152_1,mmm-artic-ill,clinical,s12152,ill,artic,1,mmm-artic-ill_s12152_1*.fastq.gz,100.0,6238,B.1.1.277,3.1.5
mmm-artic-ill_s12152_2,mmm-artic-ill,clinical,s12152,ill,artic,2,mmm-artic-ill_s12152_2*.fastq.gz,100.0,4140,B.1.1.277,3.1.5
mmm-artic-ont_s12152_1,mmm-artic-ont,clinical,s12152,ont,artic,1,mmm-artic-ont_s12152_1*.fastq.gz,99.9597099113618,277,B.1.1.277,3.1.5
mmm-artic-ont_s12152_2,mmm-artic-ont,clinical,s12152,ont,artic,2,mmm-artic-ont_s12152_2*.fastq.gz,99.56016653236637,665,B.1.1.277,3.1.5
mmm-artic-ont_s12152_3,mmm-artic-ont,clinical,s12152,ont,artic,3,mmm-artic-ont_s12152_3*.fastq.gz,95.85683588503895,337,B.1.1.277,3.1.5
mmm-artic-ont_s12152_4,mmm-artic-ont,clinical,s12152,ont,artic,4,mmm-artic-ont_s12152_4*.fastq.gz,95.05774912704807,188,B.1.1.277,3.1.5
mmm-sispa-ill_s12152_1,mmm-sispa-ill,clinical,s12152,ill,sispa,1,mmm-sispa-ill_s12152_1*.fastq.gz,0.0,0,B.1.1.277,3.1.5
mmm-sispa-ill_s12152_2,mmm-sispa-ill,clinical,s12152,ill,sispa,2,mmm-sispa-ill_s12152_2*.fastq.gz,0.0,0,B.1.1.277,3.1.5
mmm-sispa-ont_s12152_1,mmm-sispa-ont,clinical,s12152,ont,sispa,1,mmm-sispa-ont_s12152_1*.fastq.gz,0.0,1,B.1.1.277,3.1.5
mmm-sispa-ont_s12152_2,mmm-sispa-ont,clinical,s12152,ont,sispa,2,mmm-sispa-ont_s12152_2*.fastq.gz,0.0,0,B.1.1.277,3.1.5
mmm-artic-ill_s76383_1,mmm-artic-ill,clinical,s76383,ill,artic,1,mmm-artic-ill_s76383_1*.fastq.gz,97.42143432715552,1915,,3.1.5
mmm-artic-ill_s76383_2,mmm-artic-ill,clinical,s76383,ill,artic,2,mmm-artic-ill_s76383_2*.fastq.gz,97.92841794251947,2036,,3.1.5
mmm-artic-ont_s76383_1,mmm-artic-ont,clinical,s76383,ont,artic,1,mmm-artic-ont_s76383_1*.fastq.gz,94.04378189632017,147,,3.1.5
mmm-artic-ont_s76383_2,mmm-artic-ont,clinical,s76383,ont,artic,2,mmm-artic-ont_s76383_2*.fastq.gz,24.69446682782702,4,,3.1.5
mmm-artic-ont_s76383_3,mmm-artic-ont,clinical,s76383,ont,artic,3,mmm-artic-ont_s76383_3*.fastq.gz,53.13591189900618,23,,3.1.5
mmm-sispa-ill_s76383_1,mmm-sispa-ill,clinical,s76383,ill,sispa,1,mmm-sispa-ill_s76383_1*.fastq.gz,0.0,0,,3.1.5
mmm-sispa-ill_s76383_2,mmm-sispa-ill,clinical,s76383,ill,sispa,2,mmm-sispa-ill_s76383_2*.fastq.gz,0.0,0,,3.1.5
mmm-sispa-ont_s76383_1,mmm-sispa-ont,clinical,s76383,ont,sispa,1,mmm-sispa-ont_s76383_1*.fastq.gz,0.0,0,,3.1.5
mmm-sispa-ont_s76383_2,mmm-sispa-ont,clinical,s76383,ont,sispa,2,mmm-sispa-ont_s76383_2*.fastq.gz,0.0,0,,3.1.5
mmm-artic-ill_s11116_1,mmm-artic-ill,clinical,s11116,ill,artic,1,mmm-artic-ill_s11116_1*.fastq.gz,99.03303787268331,1459,B.1.160.7,3.1.5
mmm-artic-ont_s11116_1,mmm-artic-ont,clinical,s11116,ont,artic,1,mmm-artic-ont_s11116_1*.fastq.gz,100.0,2868,B.1.160.7,3.1.5
mmm-artic-ill_s26992_1,mmm-artic-ill,clinical,s26992,ill,artic,1,mmm-artic-ill_s26992_1*.fastq.gz,99.83548213806071,2209,B.1.1.311,3.1.5
mmm-artic-ont_s26992_1,mmm-artic-ont,clinical,s26992,ont,artic,1,mmm-artic-ont_s26992_1*.fastq.gz,100.0,3168,B.1.1.311,3.1.5
mmm-artic-ill_s28127_1,mmm-artic-ill,clinical,s28127,ill,artic,1,mmm-artic-ill_s28127_1*.fastq.gz,95.99785119527263,357,B.1.1.7,3.1.5
mmm-artic-ill_s28127_2,mmm-artic-ill,clinical,s28127,ill,artic,2,mmm-artic-ill_s28127_2*.fastq.gz,99.38893365565404,939,B.1.1.7,3.1.5
mmm-artic-ill_s28127_3,mmm-artic-ill,clinical,s28127,ill,artic,3,mmm-artic-ill_s28127_3*.fastq.gz,99.9362073596562,1413,B.1.1.7,3.1.5
mmm-artic-ont_s28127_1,mmm-artic-ont,clinical,s28127,ont,artic,1,mmm-artic-ont_s28127_1*.fastq.gz,100.0,4156,B.1.1.7,3.1.5
mmm-artic-ill_s11621_1,mmm-artic-ill,clinical,s11621,ill,artic,1,mmm-artic-ill_s11621_1*.fastq.gz,99.23113080848778,1075,B.1.177.4,3.1.5
mmm-artic-ont_s11621_1,mmm-artic-ont,clinical,s11621,ont,artic,1,mmm-artic-ont_s11621_1*.fastq.gz,100.0,1328,B.1.177.4,3.1.5
mmm-artic-ill_s17576_1,mmm-artic-ill,clinical,s17576,ill,artic,1,mmm-artic-ill_s17576_1*.fastq.gz,98.79465484824067,1006,B.1.160,3.1.5
mmm-artic-ont_s17576_1,mmm-artic-ont,clinical,s17576,ont,artic,1,mmm-artic-ont_s17576_1*.fastq.gz,100.0,2550,B.1.160,3.1.5
mmm-artic-ill_s12220_1,mmm-artic-ill,clinical,s12220,ill,artic,1,mmm-artic-ill_s12220_1*.fastq.gz,99.85898468976632,5116,B.1.177.7,3.1.5
mmm-artic-ill_s12220_2,mmm-artic-ill,clinical,s12220,ill,artic,2,mmm-artic-ill_s12220_2*.fastq.gz,99.20762825678217,5430,B.1.177.7,3.1.5
mmm-artic-ont_s12220_1,mmm-artic-ont,clinical,s12220,ont,artic,1,mmm-artic-ont_s12220_1*.fastq.gz,100.0,1602,B.1.177.7,3.1.5
mmm-artic-ont_s12220_2,mmm-artic-ont,clinical,s12220,ont,artic,2,mmm-artic-ont_s12220_2*.fastq.gz,100.0,2626,B.1.177.7,3.1.5
mmm-artic-ont_s12220_3,mmm-artic-ont,clinical,s12220,ont,artic,3,mmm-artic-ont_s12220_3*.fastq.gz,100.0,2798,B.1.177.7,3.1.5
mmm-artic-ont_s12220_4,mmm-artic-ont,clinical,s12220,ont,artic,4,mmm-artic-ont_s12220_4*.fastq.gz,100.0,2584,B.1.177.7,3.1.5
mmm-sispa-ill_s12220_1,mmm-sispa-ill,clinical,s12220,ill,sispa,1,mmm-sispa-ill_s12220_1*.fastq.gz,100.0,325,B.1.177.7,3.1.5
mmm-sispa-ill_s12220_2,mmm-sispa-ill,clinical,s12220,ill,sispa,2,mmm-sispa-ill_s12220_2*.fastq.gz,100.0,1132,B.1.177.7,3.1.5
mmm-sispa-ont_s12220_1,mmm-sispa-ont,clinical,s12220,ont,sispa,1,mmm-sispa-ont_s12220_1*.fastq.gz,100.0,2276,B.1.177.7,3.1.5
mmm-sispa-ont_s12220_2,mmm-sispa-ont,clinical,s12220,ont,sispa,2,mmm-sispa-ont_s12220_2*.fastq.gz,99.98656997045393,106,B.1.177.7,3.1.5
mmm-artic-ill_s97487_1,mmm-artic-ill,clinical,s97487,ill,artic,1,mmm-artic-ill_s97487_1*.fastq.gz,99.51316142895514,853,B.1.177,3.1.5
mmm-artic-ont_s97487_1,mmm-artic-ont,clinical,s97487,ont,artic,1,mmm-artic-ont_s97487_1*.fastq.gz,100.0,6273,B.1.177,3.1.5
mmm-artic-ill_s11447_1,mmm-artic-ill,clinical,s11447,ill,artic,1,mmm-artic-ill_s11447_1*.fastq.gz,100.0,1455,B.1.36.1,3.1.5
mmm-artic-ont_s11447_1,mmm-artic-ont,clinical,s11447,ont,artic,1,mmm-artic-ont_s11447_1*.fastq.gz,100.0,1807,B.1.36.1,3.1.5
mmm-artic-ill_s81454_1,mmm-artic-ill,clinical,s81454,ill,artic,1,mmm-artic-ill_s81454_1*.fastq.gz,69.3190975020145,93,,3.1.5
mmm-artic-ill_s81454_2,mmm-artic-ill,clinical,s81454,ill,artic,2,mmm-artic-ill_s81454_2*.fastq.gz,56.322186408810104,30,,3.1.5
mmm-artic-ont_s81454_1,mmm-artic-ont,clinical,s81454,ont,artic,1,mmm-artic-ont_s81454_1*.fastq.gz,98.65363953800698,69,,3.1.5
mmm-artic-ont_s81454_2,mmm-artic-ont,clinical,s81454,ont,artic,2,mmm-artic-ont_s81454_2*.fastq.gz,77.31332258930969,39,,3.1.5
mmm-artic-ont_s81454_3,mmm-artic-ont,clinical,s81454,ont,artic,3,mmm-artic-ont_s81454_3*.fastq.gz,29.16330915928015,12,,3.1.5
mmm-artic-ont_s81454_4,mmm-artic-ont,clinical,s81454,ont,artic,4,mmm-artic-ont_s81454_4*.fastq.gz,14.33655654042439,8,,3.1.5
mmm-sispa-ill_s81454_1,mmm-sispa-ill,clinical,s81454,ill,sispa,1,mmm-sispa-ill_s81454_1*.fastq.gz,0.0,0,,3.1.5
mmm-sispa-ill_s81454_2,mmm-sispa-ill,clinical,s81454,ill,sispa,2,mmm-sispa-ill_s81454_2*.fastq.gz,0.0,1,,3.1.5
mmm-sispa-ont_s81454_1,mmm-sispa-ont,clinical,s81454,ont,sispa,1,mmm-sispa-ont_s81454_1*.fastq.gz,0.0,0,,3.1.5
mmm-sispa-ont_s81454_2,mmm-sispa-ont,clinical,s81454,ont,sispa,2,mmm-sispa-ont_s81454_2*.fastq.gz,19.758930969648134,11,,3.1.5
mmm-artic-ill_s82203_1,mmm-artic-ill,clinical,s82203,ill,artic,1,mmm-artic-ill_s82203_1*.fastq.gz,53.26685468708031,25,,3.1.5
mmm-artic-ill_s82203_2,mmm-artic-ill,clinical,s82203,ill,artic,2,mmm-artic-ill_s82203_2*.fastq.gz,100.0,3582,,3.1.5
mmm-artic-ont_s82203_1,mmm-artic-ont,clinical,s82203,ont,artic,1,mmm-artic-ont_s82203_1*.fastq.gz,95.93741606231534,57,,3.1.5
mmm-artic-ont_s82203_2,mmm-artic-ont,clinical,s82203,ont,artic,2,mmm-artic-ont_s82203_2*.fastq.gz,81.16774106903036,46,,3.1.5
mmm-artic-ont_s82203_3,mmm-artic-ont,clinical,s82203,ont,artic,3,mmm-artic-ont_s82203_3*.fastq.gz,37.48321246306742,14,,3.1.5
mmm-artic-ont_s82203_4,mmm-artic-ont,clinical,s82203,ont,artic,4,mmm-artic-ont_s82203_4*.fastq.gz,98.98603276927209,792,,3.1.5
mmm-sispa-ill_s82203_1,mmm-sispa-ill,clinical,s82203,ill,sispa,1,mmm-sispa-ill_s82203_1*.fastq.gz,0.0,0,,3.1.5
mmm-sispa-ill_s82203_2,mmm-sispa-ill,clinical,s82203,ill,sispa,2,mmm-sispa-ill_s82203_2*.fastq.gz,0.0,0,,3.1.5
mmm-sispa-ont_s82203_1,mmm-sispa-ont,clinical,s82203,ont,sispa,1,mmm-sispa-ont_s82203_1*.fastq.gz,0.0,0,,3.1.5
mmm-sispa-ont_s82203_2,mmm-sispa-ont,clinical,s82203,ont,sispa,2,mmm-sispa-ont_s82203_2*.fastq.gz,0.0,1,,3.1.5
mmm-artic-ill_s62394_1,mmm-artic-ill,clinical,s62394,ill,artic,1,mmm-artic-ill_s62394_1*.fastq.gz,99.9395648670427,5291,B.1.1.7,3.1.5
mmm-artic-ill_s62394_2,mmm-artic-ill,clinical,s62394,ill,artic,2,mmm-artic-ill_s62394_2*.fastq.gz,99.9395648670427,4665,B.1.1.7,3.1.5
mmm-artic-ont_s62394_1,mmm-artic-ont,clinical,s62394,ont,artic,1,mmm-artic-ont_s62394_1*.fastq.gz,99.98656997045393,261,B.1.1.7,3.1.5
mmm-artic-ont_s62394_2,mmm-artic-ont,clinical,s62394,ont,artic,2,mmm-artic-ont_s62394_2*.fastq.gz,100.0,928,B.1.1.7,3.1.5
mmm-artic-ont_s62394_3,mmm-artic-ont,clinical,s62394,ont,artic,3,mmm-artic-ont_s62394_3*.fastq.gz,99.2579908675799,590,B.1.1.7,3.1.5
mmm-artic-ont_s62394_4,mmm-artic-ont,clinical,s62394,ont,artic,4,mmm-artic-ont_s62394_4*.fastq.gz,98.5730593607306,425,B.1.1.7,3.1.5
mmm-sispa-ill_s62394_1,mmm-sispa-ill,clinical,s62394,ill,sispa,1,mmm-sispa-ill_s62394_1*.fastq.gz,0.0,0,B.1.1.7,3.1.5
mmm-sispa-ill_s62394_2,mmm-sispa-ill,clinical,s62394,ill,sispa,2,mmm-sispa-ill_s62394_2*.fastq.gz,0.0,0,B.1.1.7,3.1.5
mmm-sispa-ont_s62394_1,mmm-sispa-ont,clinical,s62394,ont,sispa,1,mmm-sispa-ont_s62394_1*.fastq.gz,0.0,2,B.1.1.7,3.1.5
mmm-sispa-ont_s62394_2,mmm-sispa-ont,clinical,s62394,ont,sispa,2,mmm-sispa-ont_s62394_2*.fastq.gz,0.0,0,B.1.1.7,3.1.5
mmm-artic-ill_s71898_1,mmm-artic-ill,clinical,s71898,ill,artic,1,mmm-artic-ill_s71898_1*.fastq.gz,100.0,8520,B.1.177.17,3.1.5
mmm-artic-ill_s71898_2,mmm-artic-ill,clinical,s71898,ill,artic,2,mmm-artic-ill_s71898_2*.fastq.gz,100.0,4733,B.1.177.17,3.1.5
mmm-artic-ont_s71898_1,mmm-artic-ont,clinical,s71898,ont,artic,1,mmm-artic-ont_s71898_1*.fastq.gz,100.0,1278,B.1.177.17,3.1.5
mmm-artic-ont_s71898_2,mmm-artic-ont,clinical,s71898,ont,artic,2,mmm-artic-ont_s71898_2*.fastq.gz,100.0,2553,B.1.177.17,3.1.5
mmm-artic-ont_s71898_3,mmm-artic-ont,clinical,s71898,ont,artic,3,mmm-artic-ont_s71898_3*.fastq.gz,100.0,2160,B.1.177.17,3.1.5
mmm-artic-ont_s71898_4,mmm-artic-ont,clinical,s71898,ont,artic,4,mmm-artic-ont_s71898_4*.fastq.gz,100.0,2680,B.1.177.17,3.1.5
mmm-sispa-ill_s71898_1,mmm-sispa-ill,clinical,s71898,ill,sispa,1,mmm-sispa-ill_s71898_1*.fastq.gz,100.0,274,B.1.177.17,3.1.5
mmm-sispa-ill_s71898_2,mmm-sispa-ill,clinical,s71898,ill,sispa,2,mmm-sispa-ill_s71898_2*.fastq.gz,95.7426806338974,55,B.1.177.17,3.1.5
mmm-sispa-ont_s71898_1,mmm-sispa-ont,clinical,s71898,ont,sispa,1,mmm-sispa-ont_s71898_1*.fastq.gz,100.0,837,B.1.177.17,3.1.5
mmm-sispa-ont_s71898_2,mmm-sispa-ont,clinical,s71898,ont,sispa,2,mmm-sispa-ont_s71898_2*.fastq.gz,100.0,472,B.1.177.17,3.1.5
mmm-artic-ill_s96685_1,mmm-artic-ill,clinical,s96685,ill,artic,1,mmm-artic-ill_s96685_1*.fastq.gz,99.9395648670427,3582,,3.1.5
mmm-artic-ill_s96685_2,mmm-artic-ill,clinical,s96685,ill,artic,2,mmm-artic-ill_s96685_2*.fastq.gz,99.94963738920227,3220,,3.1.5
mmm-artic-ont_s96685_1,mmm-artic-ont,clinical,s96685,ont,artic,1,mmm-artic-ont_s96685_1*.fastq.gz,96.77343540155789,98,,3.1.5
mmm-artic-ont_s96685_2,mmm-artic-ont,clinical,s96685,ont,artic,2,mmm-artic-ont_s96685_2*.fastq.gz,99.98321246306742,474,,3.1.5
mmm-artic-ont_s96685_3,mmm-artic-ont,clinical,s96685,ont,artic,3,mmm-artic-ont_s96685_3*.fastq.gz,91.87147461724415,116,,3.1.5
mmm-artic-ont_s96685_4,mmm-artic-ont,clinical,s96685,ont,artic,4,mmm-artic-ont_s96685_4*.fastq.gz,93.9027665860865,203,,3.1.5
mmm-sispa-ill_s96685_1,mmm-sispa-ill,clinical,s96685,ill,sispa,1,mmm-sispa-ill_s96685_1*.fastq.gz,0.604351329572925,0,,3.1.5
mmm-sispa-ill_s96685_2,mmm-sispa-ill,clinical,s96685,ill,sispa,2,mmm-sispa-ill_s96685_2*.fastq.gz,0.0,0,,3.1.5
mmm-sispa-ont_s96685_1,mmm-sispa-ont,clinical,s96685,ont,sispa,1,mmm-sispa-ont_s96685_1*.fastq.gz,0.0,1,,3.1.5
mmm-sispa-ont_s96685_2,mmm-sispa-ont,clinical,s96685,ont,sispa,2,mmm-sispa-ont_s96685_2*.fastq.gz,14.07467096427612,2,,3.1.5
mmm-artic-ill_s56299_1,mmm-artic-ill,clinical,s56299,ill,artic,1,mmm-artic-ill_s56299_1*.fastq.gz,100.0,4348,,3.1.5
mmm-artic-ill_s56299_2,mmm-artic-ill,clinical,s56299,ill,artic,2,mmm-artic-ill_s56299_2*.fastq.gz,100.0,2487,,3.1.5
mmm-artic-ont_s56299_1,mmm-artic-ont,clinical,s56299,ont,artic,1,mmm-artic-ont_s56299_1*.fastq.gz,97.28713403169486,72,,3.1.5
mmm-artic-ont_s56299_2,mmm-artic-ont,clinical,s56299,ont,artic,2,mmm-artic-ont_s56299_2*.fastq.gz,96.6324200913242,155,,3.1.5
mmm-artic-ont_s56299_3,mmm-artic-ont,clinical,s56299,ont,artic,3,mmm-artic-ont_s56299_3*.fastq.gz,78.55895782970723,85,,3.1.5
mmm-artic-ont_s56299_4,mmm-artic-ont,clinical,s56299,ont,artic,4,mmm-artic-ont_s56299_4*.fastq.gz,91.81103948428687,154,,3.1.5
mmm-sispa-ill_s56299_1,mmm-sispa-ill,clinical,s56299,ill,sispa,1,mmm-sispa-ill_s56299_1*.fastq.gz,0.0,0,,3.1.5
mmm-sispa-ill_s56299_2,mmm-sispa-ill,clinical,s56299,ill,sispa,2,mmm-sispa-ill_s56299_2*.fastq.gz,0.0,0,,3.1.5
mmm-sispa-ont_s56299_1,mmm-sispa-ont,clinical,s56299,ont,sispa,1,mmm-sispa-ont_s56299_1*.fastq.gz,7.094413107708837,0,,3.1.5
mmm-sispa-ont_s56299_2,mmm-sispa-ont,clinical,s56299,ont,sispa,2,mmm-sispa-ont_s56299_2*.fastq.gz,2.1890948160085952,2,,3.1.5
mmm-artic-ill_s16621_1,mmm-artic-ill,clinical,s16621,ill,artic,1,mmm-artic-ill_s16621_1*.fastq.gz,99.94292237442922,5314,B.1.1.7,3.1.5
mmm-artic-ill_s16621_2,mmm-artic-ill,clinical,s16621,ill,artic,2,mmm-artic-ill_s16621_2*.fastq.gz,99.9395648670427,3862,B.1.1.7,3.1.5
mmm-artic-ont_s16621_1,mmm-artic-ont,clinical,s16621,ont,artic,1,mmm-artic-ont_s16621_1*.fastq.gz,100.0,2405,B.1.1.7,3.1.5
mmm-artic-ont_s16621_2,mmm-artic-ont,clinical,s16621,ont,artic,2,mmm-artic-ont_s16621_2*.fastq.gz,100.0,3945,B.1.1.7,3.1.5
mmm-artic-ont_s16621_3,mmm-artic-ont,clinical,s16621,ont,artic,3,mmm-artic-ont_s16621_3*.fastq.gz,100.0,2466,B.1.1.7,3.1.5
mmm-artic-ont_s16621_4,mmm-artic-ont,clinical,s16621,ont,artic,4,mmm-artic-ont_s16621_4*.fastq.gz,100.0,2656,B.1.1.7,3.1.5
mmm-sispa-ill_s16621_1,mmm-sispa-ill,clinical,s16621,ill,sispa,1,mmm-sispa-ill_s16621_1*.fastq.gz,99.98992747784045,10526,B.1.1.7,3.1.5
mmm-sispa-ill_s16621_2,mmm-sispa-ill,clinical,s16621,ill,sispa,2,mmm-sispa-ill_s16621_2*.fastq.gz,99.9798549556809,6583,B.1.1.7,3.1.5
mmm-sispa-ont_s16621_1,mmm-sispa-ont,clinical,s16621,ont,sispa,1,mmm-sispa-ont_s16621_1*.fastq.gz,100.0,14130,B.1.1.7,3.1.5
mmm-sispa-ont_s16621_2,mmm-sispa-ont,clinical,s16621,ont,sispa,2,mmm-sispa-ont_s16621_2*.fastq.gz,100.0,14693,B.1.1.7,3.1.5
mmm-artic-ill_s13528_1,mmm-artic-ill,clinical,s13528,ill,artic,1,mmm-artic-ill_s13528_1*.fastq.gz,97.36435670158474,976,B.1.258,3.1.5
mmm-artic-ill_s13528_2,mmm-artic-ill,clinical,s13528,ill,artic,2,mmm-artic-ill_s13528_2*.fastq.gz,94.26873489121677,496,B.1.258,3.1.5
mmm-artic-ill_s13528_3,mmm-artic-ill,clinical,s13528,ill,artic,3,mmm-artic-ill_s13528_3*.fastq.gz,77.61214074670964,490,B.1.258,3.1.5
mmm-artic-ont_s13528_1,mmm-artic-ont,clinical,s13528,ont,artic,1,mmm-artic-ont_s13528_1*.fastq.gz,100.0,2675,B.1.258,3.1.5
mmm-artic-ill_s11511_1,mmm-artic-ill,clinical,s11511,ill,artic,1,mmm-artic-ill_s11511_1*.fastq.gz,100.0,5313,B.1.177,3.1.5
mmm-artic-ill_s11511_2,mmm-artic-ill,clinical,s11511,ill,artic,2,mmm-artic-ill_s11511_2*.fastq.gz,100.0,5883,B.1.177,3.1.5
mmm-artic-ont_s11511_1,mmm-artic-ont,clinical,s11511,ont,artic,1,mmm-artic-ont_s11511_1*.fastq.gz,100.0,2106,B.1.177,3.1.5
mmm-artic-ont_s11511_2,mmm-artic-ont,clinical,s11511,ont,artic,2,mmm-artic-ont_s11511_2*.fastq.gz,100.0,4154,B.1.177,3.1.5
mmm-artic-ont_s11511_3,mmm-artic-ont,clinical,s11511,ont,artic,3,mmm-artic-ont_s11511_3*.fastq.gz,100.0,1928,B.1.177,3.1.5
mmm-artic-ont_s11511_4,mmm-artic-ont,clinical,s11511,ont,artic,4,mmm-artic-ont_s11511_4*.fastq.gz,100.0,3292,B.1.177,3.1.5
mmm-sispa-ill_s11511_1,mmm-sispa-ill,clinical,s11511,ill,sispa,1,mmm-sispa-ill_s11511_1*.fastq.gz,100.0,121,B.1.177,3.1.5
mmm-sispa-ill_s11511_2,mmm-sispa-ill,clinical,s11511,ill,sispa,2,mmm-sispa-ill_s11511_2*.fastq.gz,100.0,647,B.1.177,3.1.5
mmm-sispa-ont_s11511_1,mmm-sispa-ont,clinical,s11511,ont,sispa,1,mmm-sispa-ont_s11511_1*.fastq.gz,100.0,229,B.1.177,3.1.5
mmm-sispa-ont_s11511_2,mmm-sispa-ont,clinical,s11511,ont,sispa,2,mmm-sispa-ont_s11511_2*.fastq.gz,100.0,1380,B.1.177,3.1.5
mmm-artic-ill_s78022_1,mmm-artic-ill,clinical,s78022,ill,artic,1,mmm-artic-ill_s78022_1*.fastq.gz,97.04875100725222,864,B.1,3.1.5
mmm-artic-ont_s78022_1,mmm-artic-ont,clinical,s78022,ont,artic,1,mmm-artic-ont_s78022_1*.fastq.gz,100.0,889,B.1,3.1.5
mmm-artic-ill_s23460_1,mmm-artic-ill,clinical,s23460,ill,artic,1,mmm-artic-ill_s23460_1*.fastq.gz,97.23677142089713,1989,B.1.258,3.1.5
mmm-artic-ont_s23460_1,mmm-artic-ont,clinical,s23460,ont,artic,1,mmm-artic-ont_s23460_1*.fastq.gz,100.0,2972,B.1.258,3.1.5
mmm-artic-ill_s13935_1,mmm-artic-ill,clinical,s13935,ill,artic,1,mmm-artic-ill_s13935_1*.fastq.gz,95.39349986569971,491,B.1.1.7,3.1.5
mmm-artic-ont_s13935_1,mmm-artic-ont,clinical,s13935,ont,artic,1,mmm-artic-ont_s13935_1*.fastq.gz,100.0,1626,B.1.1.7,3.1.5
mmm-artic-ill_s53667_1,mmm-artic-ill,clinical,s53667,ill,artic,1,mmm-artic-ill_s53667_1*.fastq.gz,99.48630136986301,6667,B.1.258,3.1.5
mmm-artic-ill_s53667_2,mmm-artic-ill,clinical,s53667,ill,artic,2,mmm-artic-ill_s53667_2*.fastq.gz,99.26134837496643,4900,B.1.258,3.1.5
mmm-artic-ont_s53667_1,mmm-artic-ont,clinical,s53667,ont,artic,1,mmm-artic-ont_s53667_1*.fastq.gz,100.0,2130,B.1.258,3.1.5
mmm-artic-ont_s53667_2,mmm-artic-ont,clinical,s53667,ont,artic,2,mmm-artic-ont_s53667_2*.fastq.gz,100.0,5454,B.1.258,3.1.5
mmm-artic-ont_s53667_3,mmm-artic-ont,clinical,s53667,ont,artic,3,mmm-artic-ont_s53667_3*.fastq.gz,100.0,2790,B.1.258,3.1.5
mmm-artic-ont_s53667_4,mmm-artic-ont,clinical,s53667,ont,artic,4,mmm-artic-ont_s53667_4*.fastq.gz,100.0,2889,B.1.258,3.1.5
mmm-sispa-ill_s53667_1,mmm-sispa-ill,clinical,s53667,ill,sispa,1,mmm-sispa-ill_s53667_1*.fastq.gz,99.9798549556809,1433,B.1.258,3.1.5
mmm-sispa-ill_s53667_2,mmm-sispa-ill,clinical,s53667,ill,sispa,2,mmm-sispa-ill_s53667_2*.fastq.gz,99.98321246306742,2233,B.1.258,3.1.5
mmm-sispa-ont_s53667_1,mmm-sispa-ont,clinical,s53667,ont,sispa,1,mmm-sispa-ont_s53667_1*.fastq.gz,100.0,1977,B.1.258,3.1.5
mmm-sispa-ont_s53667_2,mmm-sispa-ont,clinical,s53667,ont,sispa,2,mmm-sispa-ont_s53667_2*.fastq.gz,100.0,4730,B.1.258,3.1.5
mmm-artic-ill_s68576_1,mmm-artic-ill,clinical,s68576,ill,artic,1,mmm-artic-ill_s68576_1*.fastq.gz,97.63967230727908,1373,B.1.1.7,3.1.5
mmm-artic-ont_s68576_1,mmm-artic-ont,clinical,s68576,ont,artic,1,mmm-artic-ont_s68576_1*.fastq.gz,100.0,3233,B.1.1.7,3.1.5
mmm-artic-ill_s18748_1,mmm-artic-ill,clinical,s18748,ill,artic,1,mmm-artic-ill_s18748_1*.fastq.gz,99.60045662100457,1011,B.1.177.6,3.1.5
mmm-artic-ont_s18748_1,mmm-artic-ont,clinical,s18748,ont,artic,1,mmm-artic-ont_s18748_1*.fastq.gz,100.0,778,B.1.177.6,3.1.5
mmm-artic-ill_s52247_1,mmm-artic-ill,clinical,s52247,ill,artic,1,mmm-artic-ill_s52247_1*.fastq.gz,99.9395648670427,4414,B.1.1.7,3.1.5
mmm-artic-ill_s52247_2,mmm-artic-ill,clinical,s52247,ill,artic,2,mmm-artic-ill_s52247_2*.fastq.gz,99.94963738920227,3724,B.1.1.7,3.1.5
mmm-artic-ont_s52247_1,mmm-artic-ont,clinical,s52247,ont,artic,1,mmm-artic-ont_s52247_1*.fastq.gz,100.0,658,B.1.1.7,3.1.5
mmm-artic-ont_s52247_2,mmm-artic-ont,clinical,s52247,ont,artic,2,mmm-artic-ont_s52247_2*.fastq.gz,100.0,1813,B.1.1.7,3.1.5
mmm-artic-ont_s52247_3,mmm-artic-ont,clinical,s52247,ont,artic,3,mmm-artic-ont_s52247_3*.fastq.gz,100.0,1279,B.1.1.7,3.1.5
mmm-artic-ont_s52247_4,mmm-artic-ont,clinical,s52247,ont,artic,4,mmm-artic-ont_s52247_4*.fastq.gz,99.98992747784045,1383,B.1.1.7,3.1.5
mmm-sispa-ill_s52247_1,mmm-sispa-ill,clinical,s52247,ill,sispa,1,mmm-sispa-ill_s52247_1*.fastq.gz,25.241740531829173,13,B.1.1.7,3.1.5
mmm-sispa-ill_s52247_2,mmm-sispa-ill,clinical,s52247,ill,sispa,2,mmm-sispa-ill_s52247_2*.fastq.gz,37.42277733011012,15,B.1.1.7,3.1.5
mmm-sispa-ont_s52247_1,mmm-sispa-ont,clinical,s52247,ont,sispa,1,mmm-sispa-ont_s52247_1*.fastq.gz,99.86234219715283,99,B.1.1.7,3.1.5
mmm-sispa-ont_s52247_2,mmm-sispa-ont,clinical,s52247,ont,sispa,2,mmm-sispa-ont_s52247_2*.fastq.gz,99.98656997045393,204,B.1.1.7,3.1.5
mmm-artic-ill_s13464_1,mmm-artic-ill,clinical,s13464,ill,artic,1,mmm-artic-ill_s13464_1*.fastq.gz,84.80392156862744,710,B.1.177.16,3.1.5
mmm-artic-ont_s13464_1,mmm-artic-ont,clinical,s13464,ont,artic,1,mmm-artic-ont_s13464_1*.fastq.gz,100.0,1022,B.1.177.16,3.1.5
mmm-artic-ill_s35910_1,mmm-artic-ill,clinical,s35910,ill,artic,1,mmm-artic-ill_s35910_1*.fastq.gz,99.94292237442922,5765,B.1.1.7,3.1.5
mmm-artic-ill_s35910_2,mmm-artic-ill,clinical,s35910,ill,artic,2,mmm-artic-ill_s35910_2*.fastq.gz,99.95635240397529,5834,B.1.1.7,3.1.5
mmm-artic-ill_s35910_3,mmm-artic-ill,clinical,s35910,ill,artic,3,mmm-artic-ill_s35910_3*.fastq.gz,99.9395648670427,4579,B.1.1.7,3.1.5
mmm-artic-ont_s35910_1,mmm-artic-ont,clinical,s35910,ont,artic,1,mmm-artic-ont_s35910_1*.fastq.gz,99.95635240397529,701,B.1.1.7,3.1.5
mmm-sispa-ill_s35910_1,mmm-sispa-ill,clinical,s35910,ill,sispa,1,mmm-sispa-ill_s35910_1*.fastq.gz,29.07601396723073,13,B.1.1.7,3.1.5
mmm-sispa-ill_s35910_2,mmm-sispa-ill,clinical,s35910,ill,sispa,2,mmm-sispa-ill_s35910_2*.fastq.gz,4.48562986838571,6,B.1.1.7,3.1.5
mmm-sispa-ill_s35910_3,mmm-sispa-ill,clinical,s35910,ill,sispa,3,mmm-sispa-ill_s35910_3*.fastq.gz,20.15847434864357,11,B.1.1.7,3.1.5
mmm-sispa-ont_s35910_1,mmm-sispa-ont,clinical,s35910,ont,sispa,1,mmm-sispa-ont_s35910_1*.fastq.gz,99.99664249261349,112,B.1.1.7,3.1.5
mmm-sispa-ont_s35910_2,mmm-sispa-ont,clinical,s35910,ont,sispa,2,mmm-sispa-ont_s35910_2*.fastq.gz,100.0,974,B.1.1.7,3.1.5
mmm-sispa-ont_s35910_3,mmm-sispa-ont,clinical,s35910,ont,sispa,3,mmm-sispa-ont_s35910_3*.fastq.gz,100.0,1234,B.1.1.7,3.1.5
mmm-artic-ill_s58058_1,mmm-artic-ill,clinical,s58058,ill,artic,1,mmm-artic-ill_s58058_1*.fastq.gz,99.53330647327424,2398,B.1.231,3.1.5
mmm-artic-ont_s58058_1,mmm-artic-ont,clinical,s58058,ont,artic,1,mmm-artic-ont_s58058_1*.fastq.gz,100.0,11965,B.1.231,3.1.5
mmm-artic-ill_s14131_1,mmm-artic-ill,clinical,s14131,ill,artic,1,mmm-artic-ill_s14131_1*.fastq.gz,98.78458232608112,985,B,3.1.5
mmm-artic-ont_s14131_1,mmm-artic-ont,clinical,s14131,ont,artic,1,mmm-artic-ont_s14131_1*.fastq.gz,100.0,7053,B,3.1.5
mmm-artic-ill_s32685_1,mmm-artic-ill,clinical,s32685,ill,artic,1,mmm-artic-ill_s32685_1*.fastq.gz,98.52941176470588,687,B.1,3.1.5
mmm-artic-ont_s32685_1,mmm-artic-ont,clinical,s32685,ont,artic,1,mmm-artic-ont_s32685_1*.fastq.gz,100.0,2685,B.1,3.1.5
