taxon	lineage	conflict	ambiguity_score	scorpio_call	scorpio_support	scorpio_conflict	version	pangolin_version	pangoLEARN_version	pango_version	statusNone	note	sample name	seqName	clade	qc.overallScore	qc.overallStatus	totalSubstitutions	totalDeletions	totalInsertions	totalAminoacidSubstitutions	totalAminoacidDeletions	totalMissing	totalNonACGTNs	totalPcrPrimerChanges	substitutions	deletions	insertions	aaSubstitutions	aaDeletions	missing	nonACGTNs	pcrPrimerChanges	alignmentScore	alignmentStart	alignmentEnd	qc.missingData.missingDataThreshold	qc.missingData.score	qc.missingData.status	qc.missingData.totalMissing	qc.mixedSites.mixedSitesThreshold	qc.mixedSites.score	qc.mixedSites.status	qc.mixedSites.totalMixedSites	qc.privateMutations.cutoff	qc.privateMutations.excess	qc.privateMutations.score	qc.privateMutations.status	qc.privateMutations.total	qc.snpClusters.clusteredSNPs	qc.snpClusters.score	qc.snpClusters.status	qc.snpClusters.totalSNPs	qc.frameShifts.frameShifts	qc.frameShifts.totalFrameShifts	qc.frameShifts.score	qc.frameShifts.status	qc.stopCodons.stopCodons	qc.stopCodons.totalStopCodons	qc.stopCodons.score	qc.stopCodons.status	errors	sample_id	phe-label	unique-id	status_aln2type	mutation-ref-calls	mutation-mixed-calls	mutation-calls	indel-ref-calls	indel-calls	no-calls	no-calls-deletion	workflow commit	manifest verison	nextclade version	aln2type_variant_commit	aln2type_variant_version	aln2type_source_commit
assembly	B.1.37	0.0	1.0				PLEARN-v1.2.76	3.1.11	2021-09-17	v1.2.76	passed_qc		45ba8aa7-878a-4cd4-873f-4b132e4d69b0	assembly	20A	56.25	mediocre	9	0	0	6	0	0	0	0	C241T,C2416T,C3037T,G4523A,C10712T,C14408T,A23403G,G25563T,C27673T			ORF1a:A1420T,ORF1a:L3483F,ORF1b:P314L,ORF3a:Q57H,ORF7a:Q94*,S:D614G					89472	30	29866	3000.0	0.0	good	0	10.0	0.0	good	0	24.0	-6.0	0.0	good	2.0		0.0	good	0		0	0.0	good	ORF7a:93	1	75.0	mediocre		assembly	unclassified	unclassified	unclassified								bab8ffa	sp3env-v0.0.11	1.3.0	b51355d	0.5.1	1dbba0f
assembly	B.1						PANGO-v1.2.76	3.1.11	2021-09-17	v1.2.76	passed_qc	Assigned from designation hash.	72d6565d-05ff-4b30-8f77-7c50eabd78b7	assembly	20A	0.0	good	7	0	0	3	0	0	0	0	C241T,C2416T,C3037T,C14408T,A23403G,G25563T,G26233T			ORF1b:P314L,ORF3a:Q57H,S:D614G					89480	30	29866	3000.0	0.0	good	0	10.0	0.0	good	0	24.0	-8.0	0.0	good	0.0		0.0	good	0		0	0.0	good		0	0.0	good		assembly	unclassified	unclassified	unclassified								bab8ffa	sp3env-v0.0.11	1.3.0	b51355d	0.5.1	1dbba0f
assembly	B.1						PANGO-v1.2.76	3.1.11	2021-09-17	v1.2.76	passed_qc	Assigned from designation hash.	c2d4761b-6a2b-41ae-983e-16503773b136	assembly	20C	0.0	good	6	0	0	4	0	0	0	0	C241T,C1059T,C3037T,C14408T,A23403G,G25563T			ORF1a:T265I,ORF1b:P314L,ORF3a:Q57H,S:D614G					89484	30	29866	3000.0	0.0	good	0	10.0	0.0	good	0	24.0	-8.0	0.0	good	0.0		0.0	good	0		0	0.0	good		0	0.0	good		assembly	unclassified	unclassified	unclassified								bab8ffa	sp3env-v0.0.11	1.3.0	b51355d	0.5.1	1dbba0f
assembly	B.1.1.7	0.0	1.0	Alpha (B.1.1.7-like)	0.9565	0.0435	PLEARN-v1.2.76	3.1.11	2021-09-17	v1.2.76	passed_qc	scorpio call: Alt alleles 22; Ref alleles 1; Amb alleles 0; Oth alleles 0	9c8b706a-a3ea-44b7-a160-70aed244c207	assembly	20I (Alpha, V1)	6.25	good	39	19	0	23	6	0	0	0	G174T,G210T,C241T,C913T,C2453T,C3037T,C3267T,C5388A,C5986T,C6070T,T6954C,T11522G,C13643T,C14408T,C14676T,C15279T,C15810T,T16176C,C16586T,C16915T,C17550T,A23063T,C23271A,A23403G,C23604A,C23709T,T24506G,G24914C,G26937A,C27972T,G28048T,A28111G,G28280C,A28281T,T28282A,G28881A,G28882A,G28883C,C28977T	11288-11296,21765-21770,21992-21994,28271		M:V139I,N:D3L,N:R203K,N:G204R,N:S235F,ORF1a:L730F,ORF1a:T1001I,ORF1a:A1708D,ORF1a:I2230T,ORF1a:F3753V,ORF1b:S59F,ORF1b:P314L,ORF1b:A1040V,ORF8:Q27*,ORF8:R52I,ORF8:Y73C,S:N501Y,S:A570D,S:D614G,S:P681H,S:T716I,S:S982A,S:D1118H	ORF1a:S3675-,ORF1a:G3676-,ORF1a:F3677-,S:H69-,S:V70-,S:Y144-				89267	30	29866	3000.0	0.0	good	0	10.0	0.0	good	0	24.0	6.0	25.0	good	14.0		0.0	good	0		0	0.0	good		0	0.0	good		assembly	VOC-20DEC-01	denture-daughter	confirmed	0	0	13	0	2	0	0	bab8ffa	sp3env-v0.0.11	1.3.0	b51355d	0.5.1	1dbba0f
assembly	A.3						PANGO-v1.2.76	3.1.11	2021-09-17	v1.2.76	passed_qc	Assigned from designation hash.	422993ca-ffcd-4c9a-9aa2-757bcc2bc283	assembly	19B	0.0	good	14	0	0	8	0	0	0	0	T490A,C3177T,C6040T,C8782T,C8950T,G12478A,T18736C,C24034T,T26729C,G28077C,T28144C,C28896G,C29451T,A29700G			N:A208G,N:T393I,ORF1a:D75E,ORF1a:P971L,ORF1a:M4071I,ORF1b:F1757L,ORF8:V62L,ORF8:L84S					89452	30	29866	3000.0	0.0	good	0	10.0	0.0	good	0	24.0	-5.0	0.0	good	3.0		0.0	good	0		0	0.0	good		0	0.0	good		assembly	unclassified	unclassified	unclassified								bab8ffa	sp3env-v0.0.11	1.3.0	b51355d	0.5.1	1dbba0f
assembly	B.1.1	0.0	1.0				PLEARN-v1.2.76	3.1.11	2021-09-17	v1.2.76	passed_qc		3e2e8db9-26e8-4343-88df-fd9fa1449dea	assembly	20B	0.0	good	9	0	0	5	0	0	0	0	C241T,C3037T,C14408T,T19839C,A23403G,C28833T,G28881A,G28882A,G28883C			N:S187L,N:R203K,N:G204R,ORF1b:P314L,S:D614G					89472	30	29866	3000.0	0.0	good	0	10.0	0.0	good	0	24.0	-7.0	0.0	good	1.0		0.0	good	0		0	0.0	good		0	0.0	good		assembly	unclassified	unclassified	unclassified								bab8ffa	sp3env-v0.0.11	1.3.0	b51355d	0.5.1	1dbba0f
assembly	B.1						PANGO-v1.2.76	3.1.11	2021-09-17	v1.2.76	passed_qc	Assigned from designation hash.	4e3e0d8e-bf3a-469f-a4ac-5855a0595064	assembly	20C	0.0	good	7	0	0	5	0	0	0	0	C241T,C1059T,C3037T,C14408T,A23403G,G25563T,T28393C			ORF1a:T265I,ORF1b:P314L,ORF3a:Q57H,ORF9b:V37A,S:D614G					89480	30	29866	3000.0	0.0	good	0	10.0	0.0	good	0	24.0	-7.0	0.0	good	1.0		0.0	good	0		0	0.0	good		0	0.0	good		assembly	unclassified	unclassified	unclassified								bab8ffa	sp3env-v0.0.11	1.3.0	b51355d	0.5.1	1dbba0f
assembly	B.1.1	0.0	1.0				PLEARN-v1.2.76	3.1.11	2021-09-17	v1.2.76	passed_qc		96ded76b-d1fa-43f9-a775-e09eecd64aae	assembly	20B	0.0	good	11	0	0	6	0	0	0	0	C241T,C3037T,T9172C,A10948G,C14408T,C16658T,A23403G,G26730T,G28881A,G28882A,G28883C			M:V70F,N:R203K,N:G204R,ORF1b:P314L,ORF1b:T1064I,S:D614G					89464	30	29866	3000.0	0.0	good	0	10.0	0.0	good	0	24.0	-4.0	0.0	good	4.0		0.0	good	0		0	0.0	good		0	0.0	good		assembly	unclassified	unclassified	unclassified								bab8ffa	sp3env-v0.0.11	1.3.0	b51355d	0.5.1	1dbba0f
assembly	B.1						PANGO-v1.2.76	3.1.11	2021-09-17	v1.2.76	passed_qc	Assigned from designation hash.	adca03f9-ed38-4903-a099-862a7eea930b	assembly	20C	0.0	good	8	0	0	5	0	0	0	0	C241T,C1059T,C3037T,G11083T,C14408T,G15594A,A23403G,G25563T			ORF1a:T265I,ORF1a:L3606F,ORF1b:P314L,ORF3a:Q57H,S:D614G					89476	30	29866	3000.0	0.0	good	0	10.0	0.0	good	0	24.0	-6.0	0.0	good	2.0		0.0	good	0		0	0.0	good		0	0.0	good		assembly	unclassified	unclassified	unclassified								bab8ffa	sp3env-v0.0.11	1.3.0	b51355d	0.5.1	1dbba0f
assembly	B.1.320						PANGO-v1.2.76	3.1.11	2021-09-17	v1.2.76	passed_qc	Assigned from designation hash.	bad2a048-4144-4e5d-a665-00dc24f74e53	assembly	20C	0.0	good	8	0	0	4	0	0	0	0	C241T,C337T,C379A,C1059T,C3037T,C14408T,A23403G,G25563T			ORF1a:T265I,ORF1b:P314L,ORF3a:Q57H,S:D614G					89476	30	29866	3000.0	0.0	good	0	10.0	0.0	good	0	24.0	-6.0	0.0	good	2.0		0.0	good	0		0	0.0	good		0	0.0	good		assembly	unclassified	unclassified	unclassified								bab8ffa	sp3env-v0.0.11	1.3.0	b51355d	0.5.1	1dbba0f
assembly	B.1						PANGO-v1.2.76	3.1.11	2021-09-17	v1.2.76	passed_qc	Assigned from designation hash.	674dff6d-6854-4816-8751-da1bb9057927	assembly	20C	0.0	good	6	0	0	4	0	0	0	0	C241T,C1059T,C3037T,C14408T,A23403G,G25563T			ORF1a:T265I,ORF1b:P314L,ORF3a:Q57H,S:D614G					89484	30	29866	3000.0	0.0	good	0	10.0	0.0	good	0	24.0	-8.0	0.0	good	0.0		0.0	good	0		0	0.0	good		0	0.0	good		assembly	unclassified	unclassified	unclassified								bab8ffa	sp3env-v0.0.11	1.3.0	b51355d	0.5.1	1dbba0f
assembly	B.1						PANGO-v1.2.76	3.1.11	2021-09-17	v1.2.76	passed_qc	Assigned from designation hash.	900303f5-fb53-45f2-9a27-bfa7c8190616	assembly	20C	0.0	good	9	0	0	7	0	0	0	0	C241T,C1059T,C3037T,G10523C,C12119T,C14408T,C18086A,A23403G,G25563T			ORF1a:T265I,ORF1a:V3420L,ORF1a:P3952S,ORF1b:P314L,ORF1b:T1540N,ORF3a:Q57H,S:D614G					89472	30	29866	3000.0	0.0	good	0	10.0	0.0	good	0	24.0	-5.0	0.0	good	3.0		0.0	good	0		0	0.0	good		0	0.0	good		assembly	unclassified	unclassified	unclassified								bab8ffa	sp3env-v0.0.11	1.3.0	b51355d	0.5.1	1dbba0f
assembly	B.1						PANGO-v1.2.76	3.1.11	2021-09-17	v1.2.76	passed_qc	Assigned from designation hash.	5bfb779c-5de9-48e9-b313-c22eef1b1851	assembly	20C	0.0	good	9	0	0	7	0	0	0	0	C241T,C1059T,C3037T,G10523C,C12119T,C14408T,C18086A,A23403G,G25563T			ORF1a:T265I,ORF1a:V3420L,ORF1a:P3952S,ORF1b:P314L,ORF1b:T1540N,ORF3a:Q57H,S:D614G					89472	30	29866	3000.0	0.0	good	0	10.0	0.0	good	0	24.0	-5.0	0.0	good	3.0		0.0	good	0		0	0.0	good		0	0.0	good		assembly	unclassified	unclassified	unclassified								bab8ffa	sp3env-v0.0.11	1.3.0	b51355d	0.5.1	1dbba0f
assembly	B.1.1.7	0.0	1.0	Alpha (B.1.1.7-like)	0.9565	0.0435	PLEARN-v1.2.76	3.1.11	2021-09-17	v1.2.76	passed_qc	scorpio call: Alt alleles 22; Ref alleles 1; Amb alleles 0; Oth alleles 0	c23effb9-b632-48dc-ba1c-228208e0bf01	assembly	20I (Alpha, V1)	0.0	good	30	19	0	20	6	0	0	0	C241T,C913T,C3037T,C3177T,C3267T,C5388A,C5986T,T6954C,G10533T,C14408T,C14676T,C15279T,T16176C,A23063T,C23271A,A23403G,C23604A,C23709T,T24506G,G24914C,C27972T,G28048T,A28111G,G28280C,A28281T,T28282A,G28881A,G28882A,G28883C,C28977T	11288-11296,21765-21770,21992-21994,28271		N:D3L,N:R203K,N:G204R,N:S235F,ORF1a:P971L,ORF1a:T1001I,ORF1a:A1708D,ORF1a:I2230T,ORF1a:C3423F,ORF1b:P314L,ORF8:Q27*,ORF8:R52I,ORF8:Y73C,S:N501Y,S:A570D,S:D614G,S:P681H,S:T716I,S:S982A,S:D1118H	ORF1a:S3675-,ORF1a:G3676-,ORF1a:F3677-,S:H69-,S:V70-,S:Y144-				89303	30	29866	3000.0	0.0	good	0	10.0	0.0	good	0	24.0	-2.0	0.0	good	6.0		0.0	good	0		0	0.0	good		0	0.0	good		assembly	VOC-20DEC-01	denture-daughter	confirmed	0	0	13	0	2	0	0	bab8ffa	sp3env-v0.0.11	1.3.0	b51355d	0.5.1	1dbba0f
assembly	A.3	0.0	1.0				PLEARN-v1.2.76	3.1.11	2021-09-17	v1.2.76	passed_qc		c20433ae-69eb-4fe4-a513-7fee42a929c3	assembly	19B	0.0	good	13	0	0	7	0	0	0	0	T490A,C3177T,C6040T,C8782T,G12478A,T18736C,C19488T,C24034T,T26729C,G28077C,T28144C,C28896G,A29700G			N:A208G,ORF1a:D75E,ORF1a:P971L,ORF1a:M4071I,ORF1b:F1757L,ORF8:V62L,ORF8:L84S					89456	30	29866	3000.0	0.0	good	0	10.0	0.0	good	0	24.0	-6.0	0.0	good	2.0		0.0	good	0		0	0.0	good		0	0.0	good		assembly	unclassified	unclassified	unclassified								bab8ffa	sp3env-v0.0.11	1.3.0	b51355d	0.5.1	1dbba0f
assembly	B.40						PANGO-v1.2.76	3.1.11	2021-09-17	v1.2.76	passed_qc	Assigned from designation hash.	1d040f16-dc00-4a1e-886e-32a9ba8eb7e5	assembly	19A	0.0	good	8	0	0	6	0	0	0	0	A2480G,C2558T,A4912C,G11083T,C14805T,C17010A,C21575T,G26144T			ORF1a:I739V,ORF1a:P765S,ORF1a:E1549D,ORF1a:L3606F,ORF3a:G251V,S:L5F					89476	30	29866	3000.0	0.0	good	0	10.0	0.0	good	0	24.0	-8.0	0.0	good	0.0		0.0	good	0		0	0.0	good		0	0.0	good		assembly	unclassified	unclassified	unclassified								bab8ffa	sp3env-v0.0.11	1.3.0	b51355d	0.5.1	1dbba0f
assembly	P.2	0.0	1.0	Zeta (P.2-like)	0.8571	0.1429	PLEARN-v1.2.76	3.1.11	2021-09-17	v1.2.76	passed_qc	scorpio call: Alt alleles 6; Ref alleles 1; Amb alleles 0; Oth alleles 0	e7f0e9e6-f45f-4ab1-9183-616be3bf694e	assembly	20B	0.0	good	21	0	0	10	0	0	0	0	C100T,C241T,C3037T,G3340T,T10667G,G11335T,C11824T,C12053T,C12076T,A12964G,C14408T,G23012A,A23403G,G25088T,C28253T,G28628T,G28881A,G28882A,G28883C,G28975T,C29754T			N:A119S,N:R203K,N:G204R,N:M234I,ORF1a:L3468V,ORF1a:L3930F,ORF1b:P314L,S:E484K,S:D614G,S:V1176F					89424	30	29866	3000.0	0.0	good	0	10.0	0.0	good	0	24.0	-4.0	0.0	good	4.0		0.0	good	0		0	0.0	good		0	0.0	good		assembly	E484K	harbor-sprite	confirmed	0	0	1	0	0	0	0	bab8ffa	sp3env-v0.0.11	1.3.0	b51355d	0.5.1	1dbba0f
assembly	P.2	0.0	1.0	Zeta (P.2-like)	0.8571	0.1429	PLEARN-v1.2.76	3.1.11	2021-09-17	v1.2.76	passed_qc	scorpio call: Alt alleles 6; Ref alleles 1; Amb alleles 0; Oth alleles 0	e7f0e9e6-f45f-4ab1-9183-616be3bf694e	assembly	20B	0.0	good	21	0	0	10	0	0	0	0	C100T,C241T,C3037T,G3340T,T10667G,G11335T,C11824T,C12053T,C12076T,A12964G,C14408T,G23012A,A23403G,G25088T,C28253T,G28628T,G28881A,G28882A,G28883C,G28975T,C29754T			N:A119S,N:R203K,N:G204R,N:M234I,ORF1a:L3468V,ORF1a:L3930F,ORF1b:P314L,S:E484K,S:D614G,S:V1176F					89424	30	29866	3000.0	0.0	good	0	10.0	0.0	good	0	24.0	-4.0	0.0	good	4.0		0.0	good	0		0	0.0	good		0	0.0	good		assembly	VUI-21JAN-01	marbling-doodle	confirmed	0	0	7	0	0	0	0	bab8ffa	sp3env-v0.0.11	1.3.0	b51355d	0.5.1	1dbba0f
assembly	B.1.1.7			Alpha (B.1.1.7-like)	0.9565	0.0435	PANGO-v1.2.76	3.1.11	2021-09-17	v1.2.76	passed_qc	scorpio call: Alt alleles 22; Ref alleles 1; Amb alleles 0; Oth alleles 0	7e3187c8-32f5-4a9b-b720-5d9790a2f368	assembly	20I (Alpha, V1)	0.0	good	30	19	0	20	6	0	0	0	C241T,C913T,C3037T,C3177T,C3267T,C5388A,A5715G,C5986T,T6954C,C14408T,C14676T,C15279T,T16176C,A23063T,C23271A,A23403G,C23604A,C23709T,T24506G,G24914C,C27972T,G28048T,A28111G,G28280C,A28281T,T28282A,G28881A,G28882A,G28883C,C28977T	11288-11296,21765-21770,21992-21994,28271		N:D3L,N:R203K,N:G204R,N:S235F,ORF1a:P971L,ORF1a:T1001I,ORF1a:A1708D,ORF1a:K1817R,ORF1a:I2230T,ORF1b:P314L,ORF8:Q27*,ORF8:R52I,ORF8:Y73C,S:N501Y,S:A570D,S:D614G,S:P681H,S:T716I,S:S982A,S:D1118H	ORF1a:S3675-,ORF1a:G3676-,ORF1a:F3677-,S:H69-,S:V70-,S:Y144-				89303	30	29866	3000.0	0.0	good	0	10.0	0.0	good	0	24.0	-2.0	0.0	good	6.0		0.0	good	0		0	0.0	good		0	0.0	good		assembly	VOC-20DEC-01	denture-daughter	confirmed	0	0	13	0	2	0	0	bab8ffa	sp3env-v0.0.11	1.3.0	b51355d	0.5.1	1dbba0f
assembly	B.1.258	0.0	0.9953947368421052				PLEARN-v1.2.76	3.1.11	2021-09-17	v1.2.76	passed_qc		b24910a0-254a-48fc-a97c-3cc8e5acf39d	assembly	20A	0.0	good	23	6	0	11	2	281	0	0	C241T,T1363A,C3037T,T7767C,C8047T,C10645T,G11557T,G12988T,C14408T,G15598A,C17104T,C17740T,G18028T,A20268G,C20451T,C22879A,A23403G,T24910C,G25606T,C26313T,T26972C,C27800A,G29734C	21765-21770		ORF1a:I2501T,ORF1a:E3764D,ORF1a:M4241I,ORF1b:P314L,ORF1b:V711I,ORF1b:H1213Y,ORF1b:R1425C,ORF1b:A1521S,ORF3a:A72S,S:N439K,S:D614G	S:H69-,S:V70-	22517-22797			89390	30	29866	3000.0	0.0	good	281	10.0	0.0	good	0	24.0	-4.0	0.0	good	4.0		0.0	good	0		0	0.0	good		0	0.0	good		assembly	unclassified	unclassified	unclassified								bab8ffa	sp3env-v0.0.11	1.3.0	b51355d	0.5.1	1dbba0f
assembly	P.1	0.0	1.0	Gamma (P.1-like)	0.875	0.0	PLEARN-v1.2.76	3.1.11	2021-09-17	v1.2.76	passed_qc	scorpio call: Alt alleles 14; Ref alleles 0; Amb alleles 0; Oth alleles 2	1aee616d-4cf1-44bc-bb1f-df751bfcd560	assembly	20J (Gamma, V3)	0.694444	good	30	27	4	21	9	0	0	0	C241T,T733C,C2749T,C3037T,C3828T,A5648C,A6319G,A6613G,G11401T,C12778T,C13860T,C14408T,G17259T,C21614T,C21621A,C21638T,G21974T,G22132T,A22812C,G23012A,A23063T,A23403G,C23525T,C24642T,G25088T,T26149C,G28167A,C28512G,G28895T,T29834A	11288-11296,28877-28894	28263:AACA	N:P80R,ORF1a:S1188L,ORF1a:K1795Q,ORF1a:M3712I,ORF1b:P314L,ORF1b:E1264D,ORF3a:S253P,ORF8:E92K,ORF9b:Q77E,S:L18F,S:T20N,S:P26S,S:D138Y,S:R190S,S:K417T,S:E484K,S:N501Y,S:D614G,S:H655Y,S:T1027I,S:V1176F	N:R203-,N:G204-,N:T205-,N:S206-,N:P207-,N:A208-,ORF1a:S3675-,ORF1a:G3676-,ORF1a:F3677-				89287	30	29866	3000.0	0.0	good	0	10.0	0.0	good	0	24.0	2.0	8.333333	good	10.0		0.0	good	0		0	0.0	good		0	0.0	good		assembly	E484K	harbor-sprite	confirmed	0	0	1	0	0	0	0	bab8ffa	sp3env-v0.0.11	1.3.0	b51355d	0.5.1	1dbba0f
assembly	P.1	0.0	1.0	Gamma (P.1-like)	0.875	0.0	PLEARN-v1.2.76	3.1.11	2021-09-17	v1.2.76	passed_qc	scorpio call: Alt alleles 14; Ref alleles 0; Amb alleles 0; Oth alleles 2	1aee616d-4cf1-44bc-bb1f-df751bfcd560	assembly	20J (Gamma, V3)	0.694444	good	30	27	4	21	9	0	0	0	C241T,T733C,C2749T,C3037T,C3828T,A5648C,A6319G,A6613G,G11401T,C12778T,C13860T,C14408T,G17259T,C21614T,C21621A,C21638T,G21974T,G22132T,A22812C,G23012A,A23063T,A23403G,C23525T,C24642T,G25088T,T26149C,G28167A,C28512G,G28895T,T29834A	11288-11296,28877-28894	28263:AACA	N:P80R,ORF1a:S1188L,ORF1a:K1795Q,ORF1a:M3712I,ORF1b:P314L,ORF1b:E1264D,ORF3a:S253P,ORF8:E92K,ORF9b:Q77E,S:L18F,S:T20N,S:P26S,S:D138Y,S:R190S,S:K417T,S:E484K,S:N501Y,S:D614G,S:H655Y,S:T1027I,S:V1176F	N:R203-,N:G204-,N:T205-,N:S206-,N:P207-,N:A208-,ORF1a:S3675-,ORF1a:G3676-,ORF1a:F3677-				89287	30	29866	3000.0	0.0	good	0	10.0	0.0	good	0	24.0	2.0	8.333333	good	10.0		0.0	good	0		0	0.0	good		0	0.0	good		assembly	VOC-21JAN-02	slinky-antennae	confirmed	0	0	14	0	2	0	0	bab8ffa	sp3env-v0.0.11	1.3.0	b51355d	0.5.1	1dbba0f
assembly	B.1.351	0.0	0.9755115732975512	Beta (B.1.351-like)	0.7143	0.0	PLEARN-v1.2.76	3.1.11	2021-09-17	v1.2.76	passed_qc	scorpio call: Alt alleles 10; Ref alleles 0; Amb alleles 3; Oth alleles 1	f73b99f2-87c0-49a9-b956-653d56230592	assembly	20H (Beta, V2)	0.410549	good	23	9	0	15	3	473	0	0	G174T,C241T,C1059T,A2692T,C3037T,C4202T,G5230T,T6106C,C9344T,A10323G,C14408T,C16393T,A21801C,A22206G,G22813T,A23403G,C23664T,G25563T,C25904T,C26456T,T27193C,C28253T,C28887T	11288-11296		E:P71L,N:T205I,ORF1a:T265I,ORF1a:K1655N,ORF1a:L3027F,ORF1a:K3353R,ORF1b:P314L,ORF1b:P976S,ORF3a:Q57H,ORF3a:S171L,S:D80A,S:D215G,S:K417N,S:D614G,S:A701V	ORF1a:S3675-,ORF1a:G3676-,ORF1a:F3677-	22263-22516,22904-23122			89382	30	29866	3000.0	6.407407	good	473	10.0	0.0	good	0	24.0	-2.0	0.0	good	6.0		0.0	good	0		0	0.0	good		0	0.0	good		assembly	VOC-20DEC-02	carnival-shimmy	alt-probable	0	0	10	0	1	3	0	bab8ffa	sp3env-v0.0.11	1.3.0	b51355d	0.5.1	1dbba0f
assembly	B.1.351	0.0	0.9755115732975512	Beta (B.1.351-like)	0.7143	0.0	PLEARN-v1.2.76	3.1.11	2021-09-17	v1.2.76	passed_qc	scorpio call: Alt alleles 10; Ref alleles 0; Amb alleles 3; Oth alleles 1	f73b99f2-87c0-49a9-b956-653d56230592	assembly	20H (Beta, V2)	0.410549	good	23	9	0	15	3	473	0	0	G174T,C241T,C1059T,A2692T,C3037T,C4202T,G5230T,T6106C,C9344T,A10323G,C14408T,C16393T,A21801C,A22206G,G22813T,A23403G,C23664T,G25563T,C25904T,C26456T,T27193C,C28253T,C28887T	11288-11296		E:P71L,N:T205I,ORF1a:T265I,ORF1a:K1655N,ORF1a:L3027F,ORF1a:K3353R,ORF1b:P314L,ORF1b:P976S,ORF3a:Q57H,ORF3a:S171L,S:D80A,S:D215G,S:K417N,S:D614G,S:A701V	ORF1a:S3675-,ORF1a:G3676-,ORF1a:F3677-	22263-22516,22904-23122			89382	30	29866	3000.0	6.407407	good	473	10.0	0.0	good	0	24.0	-2.0	0.0	good	6.0		0.0	good	0		0	0.0	good		0	0.0	good		assembly	E484K	harbor-sprite	low-qc	0	0	0	0	0	1	0	bab8ffa	sp3env-v0.0.11	1.3.0	b51355d	0.5.1	1dbba0f
assembly	B.1						PANGO-v1.2.76	3.1.11	2021-09-17	v1.2.76	passed_qc	Assigned from designation hash.	a3ba87a4-ae17-45e7-82d2-7cb0f04ce102	assembly	20C	0.0	good	7	0	0	5	0	0	0	0	C241T,C1059T,C3037T,C14408T,A20755C,A23403G,G25563T			ORF1a:T265I,ORF1b:P314L,ORF1b:S2430R,ORF3a:Q57H,S:D614G					89480	30	29866	3000.0	0.0	good	0	10.0	0.0	good	0	24.0	-8.0	0.0	good	0.0		0.0	good	0		0	0.0	good		0	0.0	good		assembly	unclassified	unclassified	unclassified								bab8ffa	sp3env-v0.0.11	1.3.0	b51355d	0.5.1	1dbba0f
assembly	B.1	0.0	1.0				PLEARN-v1.2.76	3.1.11	2021-09-17	v1.2.76	passed_qc		1a1b99a2-bb85-41bd-9ba9-eefd8d441892	assembly	20C	0.0	good	9	0	0	6	0	0	0	0	C241T,C1059T,C3037T,G4504T,C5869T,C14408T,A23403G,G25563T,C27964T			ORF1a:T265I,ORF1a:E1413D,ORF1b:P314L,ORF3a:Q57H,ORF8:S24L,S:D614G					89472	30	29866	3000.0	0.0	good	0	10.0	0.0	good	0	24.0	-6.0	0.0	good	2.0		0.0	good	0		0	0.0	good		0	0.0	good		assembly	unclassified	unclassified	unclassified								bab8ffa	sp3env-v0.0.11	1.3.0	b51355d	0.5.1	1dbba0f
assembly	B.1.177						PANGO-v1.2.76	3.1.11	2021-09-17	v1.2.76	passed_qc	Assigned from designation hash.	234e5e73-dbee-46d0-889c-f9550e2c3738	assembly	20E (EU1)	0.694444	good	24	0	0	9	0	0	0	0	G204T,C241T,T445C,C1758T,C3037T,C5575T,C6286T,G7042T,C11518T,C11962T,C14408T,A15753G,A19655G,G21255C,C21614T,C22227T,A23403G,G23611A,C24767T,C26801G,T27182C,C27944T,C28932T,G29645T			N:A220V,ORF1a:A498V,ORF1a:M2259I,ORF1b:P314L,ORF1b:K2063R,S:L18F,S:A222V,S:D614G,S:P1069S					89412	30	29866	3000.0	0.0	good	0	10.0	0.0	good	0	24.0	2.0	8.333333	good	10.0		0.0	good	0		0	0.0	good		0	0.0	good		assembly	unclassified	unclassified	unclassified								bab8ffa	sp3env-v0.0.11	1.3.0	b51355d	0.5.1	1dbba0f
assembly	B.1.1						PANGO-v1.2.76	3.1.11	2021-09-17	v1.2.76	passed_qc	Assigned from designation hash.	92988b0d-5b4b-4cc3-b72e-fc5ca0eca0d4	assembly	20B	0.0	good	10	0	0	5	0	0	0	0	C241T,C3037T,T9172C,A10948G,C14408T,A23403G,G26730T,G28881A,G28882A,G28883C			M:V70F,N:R203K,N:G204R,ORF1b:P314L,S:D614G					89468	30	29866	3000.0	0.0	good	0	10.0	0.0	good	0	24.0	-5.0	0.0	good	3.0		0.0	good	0		0	0.0	good		0	0.0	good		assembly	unclassified	unclassified	unclassified								bab8ffa	sp3env-v0.0.11	1.3.0	b51355d	0.5.1	1dbba0f
assembly	B.1.332	0.0	1.0				PLEARN-v1.2.76	3.1.11	2021-09-17	v1.2.76	passed_qc		6efd719a-67de-4d26-87a5-40da1a3eb466	assembly	20C	0.0	good	9	0	0	7	0	0	0	0	C241T,C1059T,C1917T,C3037T,C8697T,C14408T,A23403G,G25563T,C27434T			ORF1a:T265I,ORF1a:T551I,ORF1a:A2811V,ORF1b:P314L,ORF3a:Q57H,ORF7a:T14I,S:D614G					89472	30	29866	3000.0	0.0	good	0	10.0	0.0	good	0	24.0	-5.0	0.0	good	3.0		0.0	good	0		0	0.0	good		0	0.0	good		assembly	unclassified	unclassified	unclassified								bab8ffa	sp3env-v0.0.11	1.3.0	b51355d	0.5.1	1dbba0f
assembly	B.40						PANGO-v1.2.76	3.1.11	2021-09-17	v1.2.76	passed_qc	Assigned from designation hash.	ac4b3eac-8b94-49d0-9795-4d8663b94c80	assembly	19A	0.0	good	8	0	0	6	0	0	0	0	A2480G,C2558T,A4912C,G11083T,C14805T,C17010A,C21575T,G26144T			ORF1a:I739V,ORF1a:P765S,ORF1a:E1549D,ORF1a:L3606F,ORF3a:G251V,S:L5F					89476	30	29866	3000.0	0.0	good	0	10.0	0.0	good	0	24.0	-8.0	0.0	good	0.0		0.0	good	0		0	0.0	good		0	0.0	good		assembly	unclassified	unclassified	unclassified								bab8ffa	sp3env-v0.0.11	1.3.0	b51355d	0.5.1	1dbba0f
assembly	B.1.1.7	0.0	1.0	Alpha (B.1.1.7-like)	0.9565	0.0435	PLEARN-v1.2.76	3.1.11	2021-09-17	v1.2.76	passed_qc	scorpio call: Alt alleles 22; Ref alleles 1; Amb alleles 0; Oth alleles 0	6747f321-5b8b-47a8-a3c5-be366da6cd5a	assembly	20I (Alpha, V1)	0.173611	good	34	19	0	23	6	0	0	0	C241T,C913T,C3037T,C3261T,C3267T,C5388A,C5986T,C6633T,T6954C,G11417A,C14408T,C14676T,C15279T,T16176C,A17615G,A19079G,C19854T,A23063T,C23271A,A23403G,C23604A,C23709T,T24506G,G24914C,C27972T,G28048T,A28111G,G28280C,A28281T,T28282A,G28881A,G28882A,G28883C,C28977T	11288-11296,21765-21770,21992-21994,28271		N:D3L,N:R203K,N:G204R,N:S235F,ORF1a:T999I,ORF1a:T1001I,ORF1a:A1708D,ORF1a:A2123V,ORF1a:I2230T,ORF1a:V3718I,ORF1b:P314L,ORF1b:K1383R,ORF1b:E1871G,ORF8:Q27*,ORF8:R52I,ORF8:Y73C,S:N501Y,S:A570D,S:D614G,S:P681H,S:T716I,S:S982A,S:D1118H	ORF1a:S3675-,ORF1a:G3676-,ORF1a:F3677-,S:H69-,S:V70-,S:Y144-				89287	30	29866	3000.0	0.0	good	0	10.0	0.0	good	0	24.0	1.0	4.1666669999999995	good	9.0		0.0	good	0		0	0.0	good		0	0.0	good		assembly	VOC-20DEC-01	denture-daughter	confirmed	0	0	13	0	2	0	0	bab8ffa	sp3env-v0.0.11	1.3.0	b51355d	0.5.1	1dbba0f
assembly	B.1						PANGO-v1.2.76	3.1.11	2021-09-17	v1.2.76	passed_qc	Assigned from designation hash.	f57efed3-d7c5-42d9-8900-ee981d50db70	assembly	20C	0.0	good	6	0	0	4	0	0	0	0	C241T,C1059T,C3037T,C14408T,A23403G,G25563T			ORF1a:T265I,ORF1b:P314L,ORF3a:Q57H,S:D614G					89484	30	29866	3000.0	0.0	good	0	10.0	0.0	good	0	24.0	-8.0	0.0	good	0.0		0.0	good	0		0	0.0	good		0	0.0	good		assembly	unclassified	unclassified	unclassified								bab8ffa	sp3env-v0.0.11	1.3.0	b51355d	0.5.1	1dbba0f
assembly	A.3						PANGO-v1.2.76	3.1.11	2021-09-17	v1.2.76	passed_qc	Assigned from designation hash.	7dcf375c-ba9a-49ab-87b9-6ee21c1f32de	assembly	19B	0.0	good	12	0	0	7	0	0	0	0	T490A,C3177T,C6040T,C8782T,G12478A,T18736C,C24034T,T26729C,G28077C,T28144C,C28896G,A29700G			N:A208G,ORF1a:D75E,ORF1a:P971L,ORF1a:M4071I,ORF1b:F1757L,ORF8:V62L,ORF8:L84S					89460	30	29866	3000.0	0.0	good	0	10.0	0.0	good	0	24.0	-7.0	0.0	good	1.0		0.0	good	0		0	0.0	good		0	0.0	good		assembly	unclassified	unclassified	unclassified								bab8ffa	sp3env-v0.0.11	1.3.0	b51355d	0.5.1	1dbba0f
assembly	B.1.177.17	0.0	1.0				PLEARN-v1.2.76	3.1.11	2021-09-17	v1.2.76	passed_qc		78e9fc51-a0b6-4938-80bf-2369378ba44c	assembly	20E (EU1)	0.0	good	18	0	0	6	0	0	0	0	C241T,A408G,T445C,G2764T,C3037T,C6286T,C9073T,C14408T,G21255C,C22088T,C22227T,A23403G,C26801G,C28932T,G29645T,C29686T,G29688A,C29696A			N:A220V,ORF1a:D48G,ORF1b:P314L,S:L176F,S:A222V,S:D614G					89436	30	29866	3000.0	0.0	good	0	10.0	0.0	good	0	24.0	-1.0	0.0	good	7.0		0.0	good	0		0	0.0	good		0	0.0	good		assembly	unclassified	unclassified	unclassified								bab8ffa	sp3env-v0.0.11	1.3.0	b51355d	0.5.1	1dbba0f
assembly	B.6						PANGO-v1.2.76	3.1.11	2021-09-17	v1.2.76	passed_qc	Assigned from designation hash.	59fd62ef-60d6-4294-b9f2-0c25a66f13f7	assembly	19A	0.0	good	6	0	0	5	0	0	0	0	C6312A,G11083T,C11455T,C13730T,C23929T,C28311T			N:P13L,ORF1a:T2016K,ORF1a:L3606F,ORF1b:A88V,ORF9b:P10S					89484	30	29866	3000.0	0.0	good	0	10.0	0.0	good	0	24.0	-7.0	0.0	good	1.0		0.0	good	0		0	0.0	good		0	0.0	good		assembly	unclassified	unclassified	unclassified								bab8ffa	sp3env-v0.0.11	1.3.0	b51355d	0.5.1	1dbba0f
assembly	B.40	0.0	1.0				PLEARN-v1.2.76	3.1.11	2021-09-17	v1.2.76	passed_qc		2d99ec06-943a-4c76-939f-9780eee4446f	assembly	19A	0.0	good	6	0	0	5	0	0	0	0	A2480G,C2558T,G11083T,C14805T,C18508T,G26144T			ORF1a:I739V,ORF1a:P765S,ORF1a:L3606F,ORF1b:L1681F,ORF3a:G251V					89484	30	29866	3000.0	0.0	good	0	10.0	0.0	good	0	24.0	-7.0	0.0	good	1.0		0.0	good	0		0	0.0	good		0	0.0	good		assembly	unclassified	unclassified	unclassified								bab8ffa	sp3env-v0.0.11	1.3.0	b51355d	0.5.1	1dbba0f
assembly	P.1	0.0	1.0	Gamma (P.1-like)	0.875	0.0	PLEARN-v1.2.76	3.1.11	2021-09-17	v1.2.76	passed_qc	scorpio call: Alt alleles 14; Ref alleles 0; Amb alleles 0; Oth alleles 2	862710bc-cc42-45d2-9012-43e08663133e	assembly	20J (Gamma, V3)	0.173611	good	29	27	4	20	9	0	0	0	C241T,T733C,C2749T,C3037T,C3828T,A5648C,A6319G,A6613G,C12778T,C13860T,C14408T,G17259T,C21614T,C21621A,C21638T,G21974T,G22132T,A22812C,G23012A,A23063T,A23403G,C23525T,C24642T,G25088T,T26149C,G28167A,C28512G,G28895T,T29834A	11288-11296,28877-28894	28263:AACA	N:P80R,ORF1a:S1188L,ORF1a:K1795Q,ORF1b:P314L,ORF1b:E1264D,ORF3a:S253P,ORF8:E92K,ORF9b:Q77E,S:L18F,S:T20N,S:P26S,S:D138Y,S:R190S,S:K417T,S:E484K,S:N501Y,S:D614G,S:H655Y,S:T1027I,S:V1176F	N:R203-,N:G204-,N:T205-,N:S206-,N:P207-,N:A208-,ORF1a:S3675-,ORF1a:G3676-,ORF1a:F3677-				89291	30	29866	3000.0	0.0	good	0	10.0	0.0	good	0	24.0	1.0	4.1666669999999995	good	9.0		0.0	good	0		0	0.0	good		0	0.0	good		assembly	E484K	harbor-sprite	confirmed	0	0	1	0	0	0	0	bab8ffa	sp3env-v0.0.11	1.3.0	b51355d	0.5.1	1dbba0f
assembly	P.1	0.0	1.0	Gamma (P.1-like)	0.875	0.0	PLEARN-v1.2.76	3.1.11	2021-09-17	v1.2.76	passed_qc	scorpio call: Alt alleles 14; Ref alleles 0; Amb alleles 0; Oth alleles 2	862710bc-cc42-45d2-9012-43e08663133e	assembly	20J (Gamma, V3)	0.173611	good	29	27	4	20	9	0	0	0	C241T,T733C,C2749T,C3037T,C3828T,A5648C,A6319G,A6613G,C12778T,C13860T,C14408T,G17259T,C21614T,C21621A,C21638T,G21974T,G22132T,A22812C,G23012A,A23063T,A23403G,C23525T,C24642T,G25088T,T26149C,G28167A,C28512G,G28895T,T29834A	11288-11296,28877-28894	28263:AACA	N:P80R,ORF1a:S1188L,ORF1a:K1795Q,ORF1b:P314L,ORF1b:E1264D,ORF3a:S253P,ORF8:E92K,ORF9b:Q77E,S:L18F,S:T20N,S:P26S,S:D138Y,S:R190S,S:K417T,S:E484K,S:N501Y,S:D614G,S:H655Y,S:T1027I,S:V1176F	N:R203-,N:G204-,N:T205-,N:S206-,N:P207-,N:A208-,ORF1a:S3675-,ORF1a:G3676-,ORF1a:F3677-				89291	30	29866	3000.0	0.0	good	0	10.0	0.0	good	0	24.0	1.0	4.1666669999999995	good	9.0		0.0	good	0		0	0.0	good		0	0.0	good		assembly	VOC-21JAN-02	slinky-antennae	confirmed	0	0	14	0	2	0	0	bab8ffa	sp3env-v0.0.11	1.3.0	b51355d	0.5.1	1dbba0f
assembly	B.1.1.7	0.0	1.0	B.1.1.7-like+E484K	0.9583	0.0417	PLEARN-v1.2.76	3.1.11	2021-09-17	v1.2.76	passed_qc	scorpio call: Alt alleles 23; Ref alleles 1; Amb alleles 0; Oth alleles 0	51c5a789-8f4b-4684-9dd4-4b84ead91c65	assembly	20I (Alpha, V1)	0.694444	good	35	19	0	22	6	0	0	0	C241T,C913T,C2453T,C3037T,C3267T,C5388A,C5986T,T6954C,C7843T,C11407T,C14408T,C14676T,C15279T,T16176C,G23012A,A23063T,C23271A,A23403G,C23604A,C23709T,T24506G,G24914C,C27092T,C27972T,G28048T,A28111G,G28280C,A28281T,T28282A,C28791T,G28881A,G28882A,G28883C,C28977T,G29465A	11288-11296,21765-21770,21992-21994,28271		N:D3L,N:A173V,N:R203K,N:G204R,N:S235F,N:A398T,ORF1a:L730F,ORF1a:T1001I,ORF1a:A1708D,ORF1a:I2230T,ORF1b:P314L,ORF8:Q27*,ORF8:R52I,ORF8:Y73C,S:E484K,S:N501Y,S:A570D,S:D614G,S:P681H,S:T716I,S:S982A,S:D1118H	ORF1a:S3675-,ORF1a:G3676-,ORF1a:F3677-,S:H69-,S:V70-,S:Y144-				89283	30	29866	3000.0	0.0	good	0	10.0	0.0	good	0	24.0	2.0	8.333333	good	10.0		0.0	good	0		0	0.0	good		0	0.0	good		assembly	VOC-20DEC-01	denture-daughter	confirmed	0	0	13	0	2	0	0	bab8ffa	sp3env-v0.0.11	1.3.0	b51355d	0.5.1	1dbba0f
assembly	B.1.1.7	0.0	1.0	B.1.1.7-like+E484K	0.9583	0.0417	PLEARN-v1.2.76	3.1.11	2021-09-17	v1.2.76	passed_qc	scorpio call: Alt alleles 23; Ref alleles 1; Amb alleles 0; Oth alleles 0	51c5a789-8f4b-4684-9dd4-4b84ead91c65	assembly	20I (Alpha, V1)	0.694444	good	35	19	0	22	6	0	0	0	C241T,C913T,C2453T,C3037T,C3267T,C5388A,C5986T,T6954C,C7843T,C11407T,C14408T,C14676T,C15279T,T16176C,G23012A,A23063T,C23271A,A23403G,C23604A,C23709T,T24506G,G24914C,C27092T,C27972T,G28048T,A28111G,G28280C,A28281T,T28282A,C28791T,G28881A,G28882A,G28883C,C28977T,G29465A	11288-11296,21765-21770,21992-21994,28271		N:D3L,N:A173V,N:R203K,N:G204R,N:S235F,N:A398T,ORF1a:L730F,ORF1a:T1001I,ORF1a:A1708D,ORF1a:I2230T,ORF1b:P314L,ORF8:Q27*,ORF8:R52I,ORF8:Y73C,S:E484K,S:N501Y,S:A570D,S:D614G,S:P681H,S:T716I,S:S982A,S:D1118H	ORF1a:S3675-,ORF1a:G3676-,ORF1a:F3677-,S:H69-,S:V70-,S:Y144-				89283	30	29866	3000.0	0.0	good	0	10.0	0.0	good	0	24.0	2.0	8.333333	good	10.0		0.0	good	0		0	0.0	good		0	0.0	good		assembly	E484K	harbor-sprite	confirmed	0	0	1	0	0	0	0	bab8ffa	sp3env-v0.0.11	1.3.0	b51355d	0.5.1	1dbba0f
assembly	B.1.1.7	0.0	1.0	B.1.1.7-like+E484K	0.9583	0.0417	PLEARN-v1.2.76	3.1.11	2021-09-17	v1.2.76	passed_qc	scorpio call: Alt alleles 23; Ref alleles 1; Amb alleles 0; Oth alleles 0	51c5a789-8f4b-4684-9dd4-4b84ead91c65	assembly	20I (Alpha, V1)	0.694444	good	35	19	0	22	6	0	0	0	C241T,C913T,C2453T,C3037T,C3267T,C5388A,C5986T,T6954C,C7843T,C11407T,C14408T,C14676T,C15279T,T16176C,G23012A,A23063T,C23271A,A23403G,C23604A,C23709T,T24506G,G24914C,C27092T,C27972T,G28048T,A28111G,G28280C,A28281T,T28282A,C28791T,G28881A,G28882A,G28883C,C28977T,G29465A	11288-11296,21765-21770,21992-21994,28271		N:D3L,N:A173V,N:R203K,N:G204R,N:S235F,N:A398T,ORF1a:L730F,ORF1a:T1001I,ORF1a:A1708D,ORF1a:I2230T,ORF1b:P314L,ORF8:Q27*,ORF8:R52I,ORF8:Y73C,S:E484K,S:N501Y,S:A570D,S:D614G,S:P681H,S:T716I,S:S982A,S:D1118H	ORF1a:S3675-,ORF1a:G3676-,ORF1a:F3677-,S:H69-,S:V70-,S:Y144-				89283	30	29866	3000.0	0.0	good	0	10.0	0.0	good	0	24.0	2.0	8.333333	good	10.0		0.0	good	0		0	0.0	good		0	0.0	good		assembly	VOC-21FEB-02	unloved-crouton	confirmed	0	0	5	0	0	0	0	bab8ffa	sp3env-v0.0.11	1.3.0	b51355d	0.5.1	1dbba0f
assembly	B.1.1.7			Alpha (B.1.1.7-like)	0.9565	0.0435	PANGO-v1.2.76	3.1.11	2021-09-17	v1.2.76	passed_qc	scorpio call: Alt alleles 22; Ref alleles 1; Amb alleles 0; Oth alleles 0	d6d01a24-1636-478d-84a3-d95cd1393290	assembly	20I (Alpha, V1)	0.0	good	30	19	0	18	6	0	0	0	C241T,C292T,C913T,C3037T,C3267T,C5388A,C5986T,T6954C,C14408T,C14676T,C15279T,T16176C,A23063T,C23271A,A23403G,C23604A,C23709T,T24506G,G24914C,C25626T,C27972T,G28048T,A28111G,G28280C,A28281T,T28282A,G28881A,G28882A,G28883C,C28977T	11288-11296,21765-21770,21992-21994,28271		N:D3L,N:R203K,N:G204R,N:S235F,ORF1a:T1001I,ORF1a:A1708D,ORF1a:I2230T,ORF1b:P314L,ORF8:Q27*,ORF8:R52I,ORF8:Y73C,S:N501Y,S:A570D,S:D614G,S:P681H,S:T716I,S:S982A,S:D1118H	ORF1a:S3675-,ORF1a:G3676-,ORF1a:F3677-,S:H69-,S:V70-,S:Y144-				89303	30	29866	3000.0	0.0	good	0	10.0	0.0	good	0	24.0	-2.0	0.0	good	6.0		0.0	good	0		0	0.0	good		0	0.0	good		assembly	VOC-20DEC-01	denture-daughter	confirmed	0	0	13	0	2	0	0	bab8ffa	sp3env-v0.0.11	1.3.0	b51355d	0.5.1	1dbba0f
assembly	B.1	0.0	1.0				PLEARN-v1.2.76	3.1.11	2021-09-17	v1.2.76	passed_qc		01a97a92-e302-4f56-a0ab-65f26145ec27	assembly	20A	0.0	good	7	0	0	3	0	0	0	0	C241T,C2416T,C3037T,A3094G,C14408T,A23403G,G25563T			ORF1b:P314L,ORF3a:Q57H,S:D614G					89480	30	29866	3000.0	0.0	good	0	10.0	0.0	good	0	24.0	-7.0	0.0	good	1.0		0.0	good	0		0	0.0	good		0	0.0	good		assembly	unclassified	unclassified	unclassified								bab8ffa	sp3env-v0.0.11	1.3.0	b51355d	0.5.1	1dbba0f
assembly	B.1.1	0.0	1.0				PLEARN-v1.2.76	3.1.11	2021-09-17	v1.2.76	passed_qc		1643927e-03ba-4185-8124-47cd8d0ea96f	assembly	20B	0.0	good	10	0	0	5	0	0	0	0	C106T,C241T,C3037T,G4255A,C14408T,A23403G,C23595T,G28881A,G28882A,G28883C			N:R203K,N:G204R,ORF1b:P314L,S:D614G,S:T678I					89468	30	29866	3000.0	0.0	good	0	10.0	0.0	good	0	24.0	-5.0	0.0	good	3.0		0.0	good	0		0	0.0	good		0	0.0	good		assembly	unclassified	unclassified	unclassified								bab8ffa	sp3env-v0.0.11	1.3.0	b51355d	0.5.1	1dbba0f
assembly	P.1	0.0	1.0	Gamma (P.1-like)	0.875	0.0	PLEARN-v1.2.76	3.1.11	2021-09-17	v1.2.76	passed_qc	scorpio call: Alt alleles 14; Ref alleles 0; Amb alleles 0; Oth alleles 2	3ef407de-01e0-4e9d-8f5f-fa1c9b975a0b	assembly	20J (Gamma, V3)	0.0	good	36	9	4	24	3	0	0	0	C241T,T733C,C2749T,C3037T,C3828T,A5648C,A6319G,A6613G,C10582T,C11454T,C12778T,C13860T,C14408T,G17259T,C21614T,C21621A,C21638T,C21642T,G21974T,G22132T,A22812C,G23012A,A23063T,A23403G,C23525T,C24642T,G25088T,T26149C,G28167A,C28512G,A28877T,G28878C,G28881A,G28882A,G28883C,T29834A	11288-11296	28263:AACA	N:P80R,N:R203K,N:G204R,ORF1a:S1188L,ORF1a:K1795Q,ORF1a:A3730V,ORF1b:P314L,ORF1b:E1264D,ORF3a:S253P,ORF8:E92K,ORF9b:Q77E,S:L18F,S:T20N,S:P26S,S:A27V,S:D138Y,S:R190S,S:K417T,S:E484K,S:N501Y,S:D614G,S:H655Y,S:T1027I,S:V1176F	ORF1a:S3675-,ORF1a:G3676-,ORF1a:F3677-				89324	30	29866	3000.0	0.0	good	0	10.0	0.0	good	0	24.0	-2.0	0.0	good	6.0		0.0	good	0		0	0.0	good		0	0.0	good		assembly	E484K	harbor-sprite	confirmed	0	0	1	0	0	0	0	bab8ffa	sp3env-v0.0.11	1.3.0	b51355d	0.5.1	1dbba0f
assembly	P.1	0.0	1.0	Gamma (P.1-like)	0.875	0.0	PLEARN-v1.2.76	3.1.11	2021-09-17	v1.2.76	passed_qc	scorpio call: Alt alleles 14; Ref alleles 0; Amb alleles 0; Oth alleles 2	3ef407de-01e0-4e9d-8f5f-fa1c9b975a0b	assembly	20J (Gamma, V3)	0.0	good	36	9	4	24	3	0	0	0	C241T,T733C,C2749T,C3037T,C3828T,A5648C,A6319G,A6613G,C10582T,C11454T,C12778T,C13860T,C14408T,G17259T,C21614T,C21621A,C21638T,C21642T,G21974T,G22132T,A22812C,G23012A,A23063T,A23403G,C23525T,C24642T,G25088T,T26149C,G28167A,C28512G,A28877T,G28878C,G28881A,G28882A,G28883C,T29834A	11288-11296	28263:AACA	N:P80R,N:R203K,N:G204R,ORF1a:S1188L,ORF1a:K1795Q,ORF1a:A3730V,ORF1b:P314L,ORF1b:E1264D,ORF3a:S253P,ORF8:E92K,ORF9b:Q77E,S:L18F,S:T20N,S:P26S,S:A27V,S:D138Y,S:R190S,S:K417T,S:E484K,S:N501Y,S:D614G,S:H655Y,S:T1027I,S:V1176F	ORF1a:S3675-,ORF1a:G3676-,ORF1a:F3677-				89324	30	29866	3000.0	0.0	good	0	10.0	0.0	good	0	24.0	-2.0	0.0	good	6.0		0.0	good	0		0	0.0	good		0	0.0	good		assembly	VOC-21JAN-02	slinky-antennae	confirmed	0	0	14	0	2	0	0	bab8ffa	sp3env-v0.0.11	1.3.0	b51355d	0.5.1	1dbba0f
assembly	P.2	0.0	1.0	Zeta (P.2-like)	0.8571	0.1429	PLEARN-v1.2.76	3.1.11	2021-09-17	v1.2.76	passed_qc	scorpio call: Alt alleles 6; Ref alleles 1; Amb alleles 0; Oth alleles 0	70220cf5-9861-4b39-a727-7e6ff496ad55	assembly	20B	0.0	good	21	0	0	10	0	0	0	0	C100T,C241T,C3037T,G3340T,T10667G,G11335T,C11824T,C12053T,C12076T,A12964G,C14408T,G23012A,A23403G,G25088T,C28253T,G28628T,G28881A,G28882A,G28883C,G28975T,C29754T			N:A119S,N:R203K,N:G204R,N:M234I,ORF1a:L3468V,ORF1a:L3930F,ORF1b:P314L,S:E484K,S:D614G,S:V1176F					89424	30	29866	3000.0	0.0	good	0	10.0	0.0	good	0	24.0	-4.0	0.0	good	4.0		0.0	good	0		0	0.0	good		0	0.0	good		assembly	E484K	harbor-sprite	confirmed	0	0	1	0	0	0	0	bab8ffa	sp3env-v0.0.11	1.3.0	b51355d	0.5.1	1dbba0f
assembly	P.2	0.0	1.0	Zeta (P.2-like)	0.8571	0.1429	PLEARN-v1.2.76	3.1.11	2021-09-17	v1.2.76	passed_qc	scorpio call: Alt alleles 6; Ref alleles 1; Amb alleles 0; Oth alleles 0	70220cf5-9861-4b39-a727-7e6ff496ad55	assembly	20B	0.0	good	21	0	0	10	0	0	0	0	C100T,C241T,C3037T,G3340T,T10667G,G11335T,C11824T,C12053T,C12076T,A12964G,C14408T,G23012A,A23403G,G25088T,C28253T,G28628T,G28881A,G28882A,G28883C,G28975T,C29754T			N:A119S,N:R203K,N:G204R,N:M234I,ORF1a:L3468V,ORF1a:L3930F,ORF1b:P314L,S:E484K,S:D614G,S:V1176F					89424	30	29866	3000.0	0.0	good	0	10.0	0.0	good	0	24.0	-4.0	0.0	good	4.0		0.0	good	0		0	0.0	good		0	0.0	good		assembly	VUI-21JAN-01	marbling-doodle	confirmed	0	0	7	0	0	0	0	bab8ffa	sp3env-v0.0.11	1.3.0	b51355d	0.5.1	1dbba0f
assembly	B.1						PANGO-v1.2.76	3.1.11	2021-09-17	v1.2.76	passed_qc	Assigned from designation hash.	ef46e69c-4358-4489-8357-0701e6a09a1a	assembly	20C	0.0	good	6	0	0	4	0	0	0	0	C241T,C1059T,C3037T,C14408T,A23403G,G25563T			ORF1a:T265I,ORF1b:P314L,ORF3a:Q57H,S:D614G					89484	30	29866	3000.0	0.0	good	0	10.0	0.0	good	0	24.0	-8.0	0.0	good	0.0		0.0	good	0		0	0.0	good		0	0.0	good		assembly	unclassified	unclassified	unclassified								bab8ffa	sp3env-v0.0.11	1.3.0	b51355d	0.5.1	1dbba0f
assembly	B.1						PANGO-v1.2.76	3.1.11	2021-09-17	v1.2.76	passed_qc	Assigned from designation hash.	526e81aa-ef85-4950-b611-a288884a36db	assembly	20C	0.0	good	6	0	0	4	0	0	0	0	C241T,C1059T,C3037T,C14408T,A23403G,G25563T			ORF1a:T265I,ORF1b:P314L,ORF3a:Q57H,S:D614G					89484	30	29866	3000.0	0.0	good	0	10.0	0.0	good	0	24.0	-8.0	0.0	good	0.0		0.0	good	0		0	0.0	good		0	0.0	good		assembly	unclassified	unclassified	unclassified								bab8ffa	sp3env-v0.0.11	1.3.0	b51355d	0.5.1	1dbba0f
assembly	B.1.332						PANGO-v1.2.76	3.1.11	2021-09-17	v1.2.76	passed_qc	Assigned from designation hash.	f65ece37-b0ad-44e8-b087-637f42122f9b	assembly	20C	0.0	good	7	0	0	5	0	0	0	0	C241T,C1059T,C1917T,C3037T,C14408T,A23403G,G25563T			ORF1a:T265I,ORF1a:T551I,ORF1b:P314L,ORF3a:Q57H,S:D614G					89480	30	29866	3000.0	0.0	good	0	10.0	0.0	good	0	24.0	-7.0	0.0	good	1.0		0.0	good	0		0	0.0	good		0	0.0	good		assembly	unclassified	unclassified	unclassified								bab8ffa	sp3env-v0.0.11	1.3.0	b51355d	0.5.1	1dbba0f
assembly	B.1.177.7						PANGO-v1.2.76	3.1.11	2021-09-17	v1.2.76	passed_qc	Assigned from designation hash.	8916f997-7514-4060-a0d2-9e7fb962cec9	assembly	20E (EU1)	0.0	good	18	0	0	8	0	0	0	0	G204T,C241T,T445C,C1625T,C3037T,G4454T,C6286T,C14408T,C15480T,G21255C,C21614T,C22227T,A23403G,C24138T,C26801G,C27944T,C28932T,G29645T			N:A220V,ORF1a:L454F,ORF1a:A1397S,ORF1b:P314L,S:L18F,S:A222V,S:D614G,S:T859I					89436	30	29866	3000.0	0.0	good	0	10.0	0.0	good	0	24.0	-4.0	0.0	good	4.0		0.0	good	0		0	0.0	good		0	0.0	good		assembly	unclassified	unclassified	unclassified								bab8ffa	sp3env-v0.0.11	1.3.0	b51355d	0.5.1	1dbba0f
assembly	B.1						PANGO-v1.2.76	3.1.11	2021-09-17	v1.2.76	passed_qc	Assigned from designation hash.	9e0dca74-8729-420d-a21e-10607ae2277a	assembly	20C	0.0	good	6	0	0	4	0	0	0	0	C241T,C1059T,C3037T,C14408T,A23403G,G25563T			ORF1a:T265I,ORF1b:P314L,ORF3a:Q57H,S:D614G					89484	30	29866	3000.0	0.0	good	0	10.0	0.0	good	0	24.0	-8.0	0.0	good	0.0		0.0	good	0		0	0.0	good		0	0.0	good		assembly	unclassified	unclassified	unclassified								bab8ffa	sp3env-v0.0.11	1.3.0	b51355d	0.5.1	1dbba0f
assembly	B.1						PANGO-v1.2.76	3.1.11	2021-09-17	v1.2.76	passed_qc	Assigned from designation hash.	5b203cc5-1832-480f-8baa-343e66aa4fdb	assembly	20A	0.0	good	7	0	0	3	0	0	0	0	C241T,C2416T,C3037T,C14408T,A23403G,G25563T,G26233T			ORF1b:P314L,ORF3a:Q57H,S:D614G					89480	30	29866	3000.0	0.0	good	0	10.0	0.0	good	0	24.0	-8.0	0.0	good	0.0		0.0	good	0		0	0.0	good		0	0.0	good		assembly	unclassified	unclassified	unclassified								bab8ffa	sp3env-v0.0.11	1.3.0	b51355d	0.5.1	1dbba0f
